type,language,part,score,year
Academic,Arabic,listening,5.703570183,2024-2025
Academic,Arabic,reading,6.099948584,2024-2025
Academic,Arabic,writing,5.539552146,2024-2025
Academic,Arabic,speaking,6.215372295,2024-2025
Academic,Arabic,overall,5.953004308,2024-2025
Academic,Azeri,listening,6.581206966,2024-2025
Academic,Azeri,reading,6.870527879,2024-2025
Academic,Azeri,writing,6.071418928,2024-2025
Academic,Azeri,speaking,6.565681112,2024-2025
Academic,Azeri,overall,6.5854597,2024-2025
Academic,Bengali,listening,5.845573412,2024-2025
Academic,Bengali,reading,6.260098536,2024-2025
Academic,Bengali,writing,5.847848409,2024-2025
Academic,Bengali,speaking,5.905425137,2024-2025
Academic,Bengali,overall,6.02933474,2024-2025
Academic,Burmese,listening,6.710946408,2024-2025
Academic,Burmese,reading,6.91809198,2024-2025
Academic,Burmese,writing,6.098061574,2024-2025
Academic,Burmese,speaking,6.210629672,2024-2025
Academic,Burmese,overall,6.549727607,2024-2025
Academic,Chinese,listening,6.240517156,2024-2025
Academic,Chinese,reading,5.96511936,2024-2025
Academic,Chinese,writing,5.775134944,2024-2025
Academic,Chinese,speaking,5.543949027,2024-2025
Academic,Chinese,overall,5.94585253,2024-2025
Academic,English,listening,6.838010907,2024-2025
Academic,English,reading,7.395086658,2024-2025
Academic,English,writing,6.489287835,2024-2025
Academic,English,speaking,7.254160143,2024-2025
Academic,English,overall,7.057243129,2024-2025
Academic,Farsi,listening,6.500382757,2024-2025
Academic,Farsi,reading,6.759628726,2024-2025
Academic,Farsi,writing,6.091550644,2024-2025
Academic,Farsi,speaking,6.676498732,2024-2025
Academic,Farsi,overall,6.570786087,2024-2025
Academic,Filipino,listening,6.682922851,2024-2025
Academic,Filipino,reading,7.186715055,2024-2025
Academic,Filipino,writing,6.291428804,2024-2025
Academic,Filipino,speaking,6.824090687,2024-2025
Academic,Filipino,overall,6.810797586,2024-2025
Academic,French,listening,6.946459814,2024-2025
Academic,French,reading,7.006159174,2024-2025
Academic,French,writing,6.152479737,2024-2025
Academic,French,speaking,6.653390224,2024-2025
Academic,French,overall,6.754025779,2024-2025
Academic,German,listening,7.843203001,2024-2025
Academic,German,reading,8.148499659,2024-2025
Academic,German,writing,6.641225278,2024-2025
Academic,German,speaking,7.519379404,2024-2025
Academic,German,overall,7.601557172,2024-2025
Academic,Greek,listening,7.404853129,2024-2025
Academic,Greek,reading,7.76741876,2024-2025
Academic,Greek,writing,6.51106854,2024-2025
Academic,Greek,speaking,7.020647084,2024-2025
Academic,Greek,overall,7.240173123,2024-2025
Academic,Gujarati,listening,6.075416276,2024-2025
Academic,Gujarati,reading,6.622206,2024-2025
Academic,Gujarati,writing,6.018458651,2024-2025
Academic,Gujarati,speaking,6.121597664,2024-2025
Academic,Gujarati,overall,6.274394271,2024-2025
Academic,Hindi,listening,6.61599824,2024-2025
Academic,Hindi,reading,7.142520737,2024-2025
Academic,Hindi,writing,6.363932663,2024-2025
Academic,Hindi,speaking,6.657994231,2024-2025
Academic,Hindi,overall,6.758005639,2024-2025
Academic,Indonesian,listening,6.88745314,2024-2025
Academic,Indonesian,reading,7.054912145,2024-2025
Academic,Indonesian,writing,6.151573855,2024-2025
Academic,Indonesian,speaking,6.335483466,2024-2025
Academic,Indonesian,overall,6.671459088,2024-2025
Academic,Italian,listening,7.508681266,2024-2025
Academic,Italian,reading,7.368740008,2024-2025
Academic,Italian,writing,6.246068335,2024-2025
Academic,Italian,speaking,6.641986095,2024-2025
Academic,Italian,overall,7.004814663,2024-2025
Academic,Japanese,listening,5.98700514,2024-2025
Academic,Japanese,reading,5.921829446,2024-2025
Academic,Japanese,writing,5.646530229,2024-2025
Academic,Japanese,speaking,5.453180144,2024-2025
Academic,Japanese,overall,5.815271597,2024-2025
Academic,Kannada,listening,6.469640288,2024-2025
Academic,Kannada,reading,7.016618705,2024-2025
Academic,Kannada,writing,6.330503597,2024-2025
Academic,Kannada,speaking,6.715179856,2024-2025
Academic,Kannada,overall,6.695251799,2024-2025
Academic,Kazakh,listening,6.243551028,2024-2025
Academic,Kazakh,reading,6.442896125,2024-2025
Academic,Kazakh,writing,5.788120793,2024-2025
Academic,Kazakh,speaking,6.081753684,2024-2025
Academic,Kazakh,overall,6.203383664,2024-2025
Academic,Khmer,listening,5.785483219,2024-2025
Academic,Khmer,reading,6.200768298,2024-2025
Academic,Khmer,writing,5.815861302,2024-2025
Academic,Khmer,speaking,6.052567732,2024-2025
Academic,Khmer,overall,6.025525677,2024-2025
Academic,Korean,listening,6.517023935,2024-2025
Academic,Korean,reading,6.531490375,2024-2025
Academic,Korean,writing,5.947678732,2024-2025
Academic,Korean,speaking,5.874175159,2024-2025
Academic,Korean,overall,6.282183437,2024-2025
Academic,Malayalam,listening,6.5579498449999996,2024-2025
Academic,Malayalam,reading,7.012437451,2024-2025
Academic,Malayalam,writing,6.278772452,2024-2025
Academic,Malayalam,speaking,6.471191392,2024-2025
Academic,Malayalam,overall,6.644173199,2024-2025
Academic,Marathi,listening,6.569190966,2024-2025
Academic,Marathi,reading,7.115306622,2024-2025
Academic,Marathi,writing,6.355674428,2024-2025
Academic,Marathi,speaking,6.664638836,2024-2025
Academic,Marathi,overall,6.740227956,2024-2025
Academic,Mongolian,listening,6.364215968,2024-2025
Academic,Mongolian,reading,6.759965537,2024-2025
Academic,Mongolian,writing,5.770189546,2024-2025
Academic,Mongolian,speaking,6.218552556,2024-2025
Academic,Mongolian,overall,6.339345204,2024-2025
Academic,Nepali,listening,6.014858913,2024-2025
Academic,Nepali,reading,6.566534372,2024-2025
Academic,Nepali,writing,5.99166707,2024-2025
Academic,Nepali,speaking,6.019093945,2024-2025
Academic,Nepali,overall,6.211195005,2024-2025
Academic,Other,listening,6.284527351,2024-2025
Academic,Other,reading,6.578842383,2024-2025
Academic,Other,writing,5.986451079,2024-2025
Academic,Other,speaking,6.383198661,2024-2025
Academic,Other,overall,6.371382446,2024-2025
Academic,Portuguese,listening,7.141881781,2024-2025
Academic,Portuguese,reading,7.189908343,2024-2025
Academic,Portuguese,writing,6.18738309,2024-2025
Academic,Portuguese,speaking,6.887766554,2024-2025
Academic,Portuguese,overall,6.916339319,2024-2025
Academic,Punjabi,listening,5.928017758,2024-2025
Academic,Punjabi,reading,6.492570845,2024-2025
Academic,Punjabi,writing,6.008207873,2024-2025
Academic,Punjabi,speaking,5.975761265,2024-2025
Academic,Punjabi,overall,6.165571687,2024-2025
Academic,Russian,listening,6.702911343,2024-2025
Academic,Russian,reading,6.908216391,2024-2025
Academic,Russian,writing,6.015439394,2024-2025
Academic,Russian,speaking,6.46291254,2024-2025
Academic,Russian,overall,6.586367853,2024-2025
Academic,Sinhalese,listening,6.382881117,2024-2025
Academic,Sinhalese,reading,6.815244668,2024-2025
Academic,Sinhalese,writing,6.048462986,2024-2025
Academic,Sinhalese,speaking,6.378646487,2024-2025
Academic,Sinhalese,overall,6.469965496,2024-2025
Academic,Spanish,listening,6.930180925,2024-2025
Academic,Spanish,reading,6.913918938,2024-2025
Academic,Spanish,writing,6.093072417,2024-2025
Academic,Spanish,speaking,6.611164911,2024-2025
Academic,Spanish,overall,6.699985828,2024-2025
Academic,Swahili,listening,6.267707185,2024-2025
Academic,Swahili,reading,6.7728815000000004,2024-2025
Academic,Swahili,writing,6.26762236,2024-2025
Academic,Swahili,speaking,6.917083722,2024-2025
Academic,Swahili,overall,6.617609636,2024-2025
Academic,Tagalog,listening,6.506800919,2024-2025
Academic,Tagalog,reading,7.065359477,2024-2025
Academic,Tagalog,writing,6.205529058,2024-2025
Academic,Tagalog,speaking,6.759053171,2024-2025
Academic,Tagalog,overall,6.69775658,2024-2025
Academic,Tamil,listening,6.489385671,2024-2025
Academic,Tamil,reading,6.954588695,2024-2025
Academic,Tamil,writing,6.212011215,2024-2025
Academic,Tamil,speaking,6.532994543,2024-2025
Academic,Tamil,overall,6.609898363,2024-2025
Academic,Telugu,listening,6.183921553,2024-2025
Academic,Telugu,reading,6.696401799,2024-2025
Academic,Telugu,writing,6.113416265,2024-2025
Academic,Telugu,speaking,6.385368127,2024-2025
Academic,Telugu,overall,6.408667288,2024-2025
Academic,Thai,listening,6.264193157,2024-2025
Academic,Thai,reading,6.56033063,2024-2025
Academic,Thai,writing,5.803921569,2024-2025
Academic,Thai,speaking,5.940819117,2024-2025
Academic,Thai,overall,6.205323017,2024-2025
Academic,Turkish,listening,6.56006067,2024-2025
Academic,Turkish,reading,6.800494435,2024-2025
Academic,Turkish,writing,5.930373095,2024-2025
Academic,Turkish,speaking,6.221779009,2024-2025
Academic,Turkish,overall,6.44198156,2024-2025
Academic,Ukrainian,listening,6.656852617,2024-2025
Academic,Ukrainian,reading,6.915920569,2024-2025
Academic,Ukrainian,writing,5.953914141,2024-2025
Academic,Ukrainian,speaking,6.575528007,2024-2025
Academic,Ukrainian,overall,6.589761249,2024-2025
Academic,Urdu,listening,6.277278209,2024-2025
Academic,Urdu,reading,6.697775606,2024-2025
Academic,Urdu,writing,6.053976275,2024-2025
Academic,Urdu,speaking,6.383070487,2024-2025
Academic,Urdu,overall,6.416619594,2024-2025
Academic,Uzbek,listening,5.950666685,2024-2025
Academic,Uzbek,reading,6.333463791,2024-2025
Academic,Uzbek,writing,5.792079408,2024-2025
Academic,Uzbek,speaking,5.820184081,2024-2025
Academic,Uzbek,overall,6.038449081,2024-2025
Academic,Vietnamese,listening,6.486078045,2024-2025
Academic,Vietnamese,reading,6.384423441,2024-2025
Academic,Vietnamese,writing,6.065060569,2024-2025
Academic,Vietnamese,speaking,5.609565022,2024-2025
Academic,Vietnamese,overall,6.201586855,2024-2025
General_Training,Afrikaans,listening,6.203361345,2024-2025
General_Training,Afrikaans,reading,6.752731092,2024-2025
General_Training,Afrikaans,writing,6.328781513,2024-2025
General_Training,Afrikaans,speaking,7.646218487,2024-2025
General_Training,Afrikaans,overall,6.79789916,2024-2025
General_Training,Akan,listening,5.118261456,2024-2025
General_Training,Akan,reading,5.878874663,2024-2025
General_Training,Akan,writing,6.100909704,2024-2025
General_Training,Akan,speaking,6.783861186,2024-2025
General_Training,Akan,overall,6.031334232,2024-2025
General_Training,Arabic,listening,5.435721519,2024-2025
General_Training,Arabic,reading,5.942810127,2024-2025
General_Training,Arabic,writing,5.646075949,2024-2025
General_Training,Arabic,speaking,6.145088608,2024-2025
General_Training,Arabic,overall,5.854455696,2024-2025
General_Training,Bengali,listening,5.88392435,2024-2025
General_Training,Bengali,reading,6.490780142,2024-2025
General_Training,Bengali,writing,6.083782506,2024-2025
General_Training,Bengali,speaking,6.319952719,2024-2025
General_Training,Bengali,overall,6.258250591,2024-2025
General_Training,Chinese,listening,6.420310486,2024-2025
General_Training,Chinese,reading,6.499341964,2024-2025
General_Training,Chinese,writing,6.070759024,2024-2025
General_Training,Chinese,speaking,6.02523367,2024-2025
General_Training,Chinese,overall,6.317535991,2024-2025
General_Training,Dari,listening,4.273934031,2024-2025
General_Training,Dari,reading,5.112630732,2024-2025
General_Training,Dari,writing,5.419549477,2024-2025
General_Training,Dari,speaking,5.663716814,2024-2025
General_Training,Dari,overall,5.178197908,2024-2025
General_Training,English,listening,6.3645118,2024-2025
General_Training,English,reading,6.956829381,2024-2025
General_Training,English,writing,6.499712459,2024-2025
General_Training,English,speaking,7.108837094,2024-2025
General_Training,English,overall,6.795118568,2024-2025
General_Training,Farsi,listening,6.028434173,2024-2025
General_Training,Farsi,reading,6.3923656190000004,2024-2025
General_Training,Farsi,writing,6.074591015,2024-2025
General_Training,Farsi,speaking,6.441249026,2024-2025
General_Training,Farsi,overall,6.297260452,2024-2025
General_Training,Filipino,listening,5.351231169,2024-2025
General_Training,Filipino,reading,6.023020146,2024-2025
General_Training,Filipino,writing,5.873827818,2024-2025
General_Training,Filipino,speaking,6.002359489,2024-2025
General_Training,Filipino,overall,5.874342065,2024-2025
General_Training,French,listening,5.560486025,2024-2025
General_Training,French,reading,5.799047534,2024-2025
General_Training,French,writing,5.944276304,2024-2025
General_Training,French,speaking,6.133434218,2024-2025
General_Training,French,overall,5.923891757,2024-2025
General_Training,German,listening,7.155150215,2024-2025
General_Training,German,reading,7.491201717,2024-2025
General_Training,German,writing,6.51888412,2024-2025
General_Training,German,speaking,7.270171674,2024-2025
General_Training,German,overall,7.170171674,2024-2025
General_Training,Gujarati,listening,6.268953839,2024-2025
General_Training,Gujarati,reading,6.940771754,2024-2025
General_Training,Gujarati,writing,6.098695965,2024-2025
General_Training,Gujarati,speaking,6.295274541,2024-2025
General_Training,Gujarati,overall,6.465452412,2024-2025
General_Training,Hindi,listening,6.466636439,2024-2025
General_Training,Hindi,reading,7.110486397,2024-2025
General_Training,Hindi,writing,6.324534213,2024-2025
General_Training,Hindi,speaking,6.622357791,2024-2025
General_Training,Hindi,overall,6.695201979,2024-2025
General_Training,Ibo/Igbo,listening,5.847647748,2024-2025
General_Training,Ibo/Igbo,reading,6.413778671,2024-2025
General_Training,Ibo/Igbo,writing,6.460739997,2024-2025
General_Training,Ibo/Igbo,speaking,7.061108321,2024-2025
General_Training,Ibo/Igbo,overall,6.505608572,2024-2025
General_Training,Indonesian,listening,5.59387732,2024-2025
General_Training,Indonesian,reading,5.947600724,2024-2025
General_Training,Indonesian,writing,5.795043006,2024-2025
General_Training,Indonesian,speaking,5.720291987,2024-2025
General_Training,Indonesian,overall,5.826901313,2024-2025
General_Training,Italian,listening,6.726296663,2024-2025
General_Training,Italian,reading,6.82292699,2024-2025
General_Training,Italian,writing,6.156095144,2024-2025
General_Training,Italian,speaking,6.510406343,2024-2025
General_Training,Italian,overall,6.616617113,2024-2025
General_Training,Japanese,listening,5.66630167,2024-2025
General_Training,Japanese,reading,5.909389543,2024-2025
General_Training,Japanese,writing,5.70626882,2024-2025
General_Training,Japanese,speaking,5.640158774,2024-2025
General_Training,Japanese,overall,5.793457432,2024-2025
General_Training,Kannada,listening,6.447168508,2024-2025
General_Training,Kannada,reading,7.020027624,2024-2025
General_Training,Kannada,writing,6.45718232,2024-2025
General_Training,Kannada,speaking,6.82320442,2024-2025
General_Training,Kannada,overall,6.74378453,2024-2025
General_Training,Korean,listening,6.021044158,2024-2025
General_Training,Korean,reading,6.292433303,2024-2025
General_Training,Korean,writing,5.880979761,2024-2025
General_Training,Korean,speaking,5.868675253,2024-2025
General_Training,Korean,overall,6.081416743,2024-2025
General_Training,Malayalam,listening,6.367304193,2024-2025
General_Training,Malayalam,reading,6.899864596,2024-2025
General_Training,Malayalam,writing,6.269898024,2024-2025
General_Training,Malayalam,speaking,6.448609994,2024-2025
General_Training,Malayalam,overall,6.559323827,2024-2025
General_Training,Marathi,listening,6.727986955,2024-2025
General_Training,Marathi,reading,7.255262378,2024-2025
General_Training,Marathi,writing,6.510228283,2024-2025
General_Training,Marathi,speaking,6.846131041,2024-2025
General_Training,Marathi,overall,6.89831011,2024-2025
General_Training,Nepali,listening,5.904597216,2024-2025
General_Training,Nepali,reading,6.609025728,2024-2025
General_Training,Nepali,writing,6.054154365,2024-2025
General_Training,Nepali,speaking,6.154997891,2024-2025
General_Training,Nepali,overall,6.243188528,2024-2025
General_Training,Other,listening,5.912611413,2024-2025
General_Training,Other,reading,6.44151897,2024-2025
General_Training,Other,writing,6.067120855,2024-2025
General_Training,Other,speaking,6.381825633,2024-2025
General_Training,Other,overall,6.264112284,2024-2025
General_Training,Pashto,listening,4.621853898,2024-2025
General_Training,Pashto,reading,5.389195826,2024-2025
General_Training,Pashto,writing,5.348680172,2024-2025
General_Training,Pashto,speaking,5.818600368,2024-2025
General_Training,Pashto,overall,5.356353591,2024-2025
General_Training,Portuguese,listening,6.67466611,2024-2025
General_Training,Portuguese,reading,6.798205342,2024-2025
General_Training,Portuguese,writing,6.226523372,2024-2025
General_Training,Portuguese,speaking,6.69490818,2024-2025
General_Training,Portuguese,overall,6.662458264,2024-2025
General_Training,Punjabi,listening,6.00751795,2024-2025
General_Training,Punjabi,reading,6.759335512,2024-2025
General_Training,Punjabi,writing,6.08948838,2024-2025
General_Training,Punjabi,speaking,6.202823816,2024-2025
General_Training,Punjabi,overall,6.328303137,2024-2025
General_Training,Russian,listening,6.947125813,2024-2025
General_Training,Russian,reading,7.048129067,2024-2025
General_Training,Russian,writing,6.331751627,2024-2025
General_Training,Russian,speaking,6.725732104,2024-2025
General_Training,Russian,overall,6.826464208,2024-2025
General_Training,Shona,listening,5.663979514,2024-2025
General_Training,Shona,reading,6.238050076,2024-2025
General_Training,Shona,writing,6.254362671,2024-2025
General_Training,Shona,speaking,6.858118361,2024-2025
General_Training,Shona,overall,6.317905918,2024-2025
General_Training,Sinhalese,listening,5.888805347,2024-2025
General_Training,Sinhalese,reading,6.427401838,2024-2025
General_Training,Sinhalese,writing,5.997827903,2024-2025
General_Training,Sinhalese,speaking,6.278195489,2024-2025
General_Training,Sinhalese,overall,6.210776942,2024-2025
General_Training,Spanish,listening,6.269530055,2024-2025
General_Training,Spanish,reading,6.37873224,2024-2025
General_Training,Spanish,writing,6.052830601,2024-2025
General_Training,Spanish,speaking,6.296218579,2024-2025
General_Training,Spanish,overall,6.31263388,2024-2025
General_Training,Swahili,listening,5.619875776,2024-2025
General_Training,Swahili,reading,6.158592133,2024-2025
General_Training,Swahili,writing,6.203726708,2024-2025
General_Training,Swahili,speaking,6.788198758,2024-2025
General_Training,Swahili,overall,6.254658385,2024-2025
General_Training,Tagalog,listening,5.252630041,2024-2025
General_Training,Tagalog,reading,5.962302747,2024-2025
General_Training,Tagalog,writing,5.835135398,2024-2025
General_Training,Tagalog,speaking,6.013198909,2024-2025
General_Training,Tagalog,overall,5.827440094,2024-2025
General_Training,Tamil,listening,5.777324709,2024-2025
General_Training,Tamil,reading,6.37335958,2024-2025
General_Training,Tamil,writing,5.908417698,2024-2025
General_Training,Tamil,speaking,6.182695913,2024-2025
General_Training,Tamil,overall,6.125140607,2024-2025
General_Training,Telugu,listening,6.482760433,2024-2025
General_Training,Telugu,reading,7.099915905,2024-2025
General_Training,Telugu,writing,6.275622832,2024-2025
General_Training,Telugu,speaking,6.576999895,2024-2025
General_Training,Telugu,overall,6.673078945,2024-2025
General_Training,Thai,listening,4.946294559,2024-2025
General_Training,Thai,reading,5.442073171,2024-2025
General_Training,Thai,writing,5.397514071,2024-2025
General_Training,Thai,speaking,5.398452158,2024-2025
General_Training,Thai,overall,5.361515009,2024-2025
General_Training,Turkish,listening,5.66851145,2024-2025
General_Training,Turkish,reading,6.032633588,2024-2025
General_Training,Turkish,writing,5.727194656,2024-2025
General_Training,Turkish,speaking,5.85019084,2024-2025
General_Training,Turkish,overall,5.882061069,2024-2025
General_Training,Ukrainian,listening,6.540160643,2024-2025
General_Training,Ukrainian,reading,6.798862115,2024-2025
General_Training,Ukrainian,writing,6.136546185,2024-2025
General_Training,Ukrainian,speaking,6.684069612,2024-2025
General_Training,Ukrainian,overall,6.60107095,2024-2025
General_Training,Urdu,listening,5.32596323,2024-2025
General_Training,Urdu,reading,6.021610155,2024-2025
General_Training,Urdu,writing,5.76152944,2024-2025
General_Training,Urdu,speaking,6.015953227,2024-2025
General_Training,Urdu,overall,5.844227519,2024-2025
General_Training,Vietnamese,listening,5.74622108,2024-2025
General_Training,Vietnamese,reading,5.859640103,2024-2025
General_Training,Vietnamese,writing,5.872596401,2024-2025
General_Training,Vietnamese,speaking,5.476812339,2024-2025
General_Training,Vietnamese,overall,5.803496144,2024-2025
General_Training,Yoruba,listening,5.771319444,2024-2025
General_Training,Yoruba,reading,6.258819444,2024-2025
General_Training,Yoruba,writing,6.317291667,2024-2025
General_Training,Yoruba,speaking,6.906944444,2024-2025
General_Training,Yoruba,overall,6.375902778,2024-2025
Academic,Akan,listening,6.65485001947799,2023-2024
Academic,Akan,reading,5.964030645370731,2023-2024
Academic,Akan,writing,6.205687573042462,2023-2024
Academic,Akan,speaking,6.9837683417737955,2023-2024
Academic,Akan,overall,6.5136345929100115,2023-2024
Academic,Arabic,listening,6.078908786894781,2023-2024
Academic,Arabic,reading,5.67105486356807,2023-2024
Academic,Arabic,writing,5.534831943973247,2023-2024
Academic,Arabic,speaking,6.206635002180972,2023-2024
Academic,Arabic,overall,5.936473125575534,2023-2024
Academic,Bengali,listening,6.019210530855891,2023-2024
Academic,Bengali,reading,5.624070527750462,2023-2024
Academic,Bengali,writing,5.669547814985422,2023-2024
Academic,Bengali,speaking,5.800489105118783,2023-2024
Academic,Bengali,overall,5.843486361989545,2023-2024
Academic,Burmese,listening,6.896223795640705,2023-2024
Academic,Burmese,reading,6.769679300291545,2023-2024
Academic,Burmese,writing,6.139733444398168,2023-2024
Academic,Burmese,speaking,6.27391364709149,2023-2024
Academic,Burmese,overall,6.58107732889074,2023-2024
Academic,Chinese,listening,5.991343709402145,2023-2024
Academic,Chinese,reading,6.284109840283262,2023-2024
Academic,Chinese,writing,5.78826298494536,2023-2024
Academic,Chinese,speaking,5.581047456504573,2023-2024
Academic,Chinese,overall,5.975956389943195,2023-2024
Academic,English,listening,7.217359988475759,2023-2024
Academic,English,reading,6.668337948364998,2023-2024
Academic,English,writing,6.411759527506122,2023-2024
Academic,English,speaking,7.119948140915857,2023-2024
Academic,English,overall,6.9178537701874285,2023-2024
Academic,Farsi,listening,6.64595412551768,2023-2024
Academic,Farsi,reading,6.379834342147181,2023-2024
Academic,Farsi,writing,6.033736858872253,2023-2024
Academic,Farsi,speaking,6.554475947754062,2023-2024
Academic,Farsi,overall,6.4699745141764895,2023-2024
Academic,Filipino,listening,7.2119928971451985,2023-2024
Academic,Filipino,reading,6.709056139871603,2023-2024
Academic,Filipino,writing,6.284114192050266,2023-2024
Academic,Filipino,speaking,6.8295314847698405,2023-2024
Academic,Filipino,overall,6.822087146564677,2023-2024
Academic,French,listening,6.98388569689129,2023-2024
Academic,French,reading,6.934115901221415,2023-2024
Academic,French,writing,6.158574635668353,2023-2024
Academic,French,speaking,6.699478710855751,2023-2024
Academic,French,overall,6.756706365815608,2023-2024
Academic,German,listening,8.142427482956824,2023-2024
Academic,German,reading,7.866194359042908,2023-2024
Academic,German,writing,6.633538297019115,2023-2024
Academic,German,speaking,7.559617698168694,2023-2024
Academic,German,overall,7.614222697500334,2023-2024
Academic,Gujarati,listening,6.399223203982156,2023-2024
Academic,Gujarati,reading,5.872242029659485,2023-2024
Academic,Gujarati,writing,5.921769234743968,2023-2024
Academic,Gujarati,speaking,5.960893229301228,2023-2024
Academic,Gujarati,overall,6.1018016155979264,2023-2024
Academic,Hindi,listening,6.943222378592262,2023-2024
Academic,Hindi,reading,6.401869301841767,2023-2024
Academic,Hindi,writing,6.240347549409533,2023-2024
Academic,Hindi,speaking,6.4517632421628015,2023-2024
Academic,Hindi,overall,6.572926227334842,2023-2024
Academic,Ibo/Igbo,listening,6.610526858439014,2023-2024
Academic,Ibo/Igbo,reading,6.144911846582122,2023-2024
Academic,Ibo/Igbo,writing,6.31302196102691,2023-2024
Academic,Ibo/Igbo,speaking,7.022012578616352,2023-2024
Academic,Ibo/Igbo,overall,6.583513764305598,2023-2024
Academic,Indonesian,listening,7.001810141652696,2023-2024
Academic,Indonesian,reading,6.889496318973686,2023-2024
Academic,Indonesian,writing,6.122810214544306,2023-2024
Academic,Indonesian,speaking,6.401669217873023,2023-2024
Academic,Indonesian,overall,6.668440362514275,2023-2024
Academic,Italian,listening,7.317597666259314,2023-2024
Academic,Italian,reading,7.502128749950724,2023-2024
Academic,Italian,writing,6.231166476130405,2023-2024
Academic,Italian,speaking,6.6527969409074785,2023-2024
Academic,Italian,overall,6.990006701620215,2023-2024
Academic,Japanese,listening,5.936870987562769,2023-2024
Academic,Japanese,reading,6.050172680466979,2023-2024
Academic,Japanese,writing,5.691813038964341,2023-2024
Academic,Japanese,speaking,5.4973409326864,2023-2024
Academic,Japanese,overall,5.857787571243935,2023-2024
Academic,Kannada,listening,6.965679758308157,2023-2024
Academic,Kannada,reading,6.433232628398792,2023-2024
Academic,Kannada,writing,6.298489425981873,2023-2024
Academic,Kannada,speaking,6.670271903323263,2023-2024
Academic,Kannada,overall,6.657039274924471,2023-2024
Academic,Kazakh,listening,6.50765019308794,2023-2024
Academic,Kazakh,reading,6.3480471232341005,2023-2024
Academic,Kazakh,writing,5.8224568607322675,2023-2024
Academic,Kazakh,speaking,6.08283228234834,2023-2024
Academic,Kazakh,overall,6.254851640025419,2023-2024
Academic,Khmer,listening,6.179058460808728,2023-2024
Academic,Khmer,reading,5.769892090596466,2023-2024
Academic,Khmer,writing,5.787857227558401,2023-2024
Academic,Khmer,speaking,6.099549389303925,2023-2024
Academic,Khmer,overall,6.021463298944623,2023-2024
Academic,Korean,listening,6.526276784958076,2023-2024
Academic,Korean,reading,6.49625222325739,2023-2024
Academic,Korean,writing,5.941051918353519,2023-2024
Academic,Korean,speaking,5.878694842042856,2023-2024
Academic,Korean,overall,6.2739688320487845,2023-2024
Academic,Malayalam,listening,6.811068224866874,2023-2024
Academic,Malayalam,reading,6.377229191236911,2023-2024
Academic,Malayalam,writing,6.191120760516064,2023-2024
Academic,Malayalam,speaking,6.334012365533755,2023-2024
Academic,Malayalam,overall,6.49239662628212,2023-2024
Academic,Marathi,listening,7.078625574060753,2023-2024
Academic,Marathi,reading,6.5262269684059095,2023-2024
Academic,Marathi,writing,6.316577214629558,2023-2024
Academic,Marathi,speaking,6.62396945720135,2023-2024
Academic,Marathi,overall,6.700188125933713,2023-2024
Academic,Mongolian,listening,6.633642602948653,2023-2024
Academic,Mongolian,reading,6.296962379257753,2023-2024
Academic,Mongolian,writing,5.779295882053889,2023-2024
Academic,Mongolian,speaking,6.281011692933401,2023-2024
Academic,Mongolian,overall,6.311260803253686,2023-2024
Academic,Nepali,listening,6.574691224936089,2023-2024
Academic,Nepali,reading,6.010271968460283,2023-2024
Academic,Nepali,writing,6.002286937505775,2023-2024
Academic,Nepali,speaking,6.0025410416730836,2023-2024
Academic,Nepali,overall,6.210983460128746,2023-2024
Academic,Other,listening,6.717849290425745,2023-2024
Academic,Other,reading,6.425014991005397,2023-2024
Academic,Other,writing,6.0576054367379575,2023-2024
Academic,Other,speaking,6.525714571257246,2023-2024
Academic,Other,overall,6.495852488506896,2023-2024
Academic,Portuguese,listening,7.185091420534459,2023-2024
Academic,Portuguese,reading,7.139709329582748,2023-2024
Academic,Portuguese,writing,6.1813408345053915,2023-2024
Academic,Portuguese,speaking,6.942616033755274,2023-2024
Academic,Portuguese,overall,6.923441162681669,2023-2024
Academic,Punjabi,listening,6.217010103316399,2023-2024
Academic,Punjabi,reading,5.7231006335978085,2023-2024
Academic,Punjabi,writing,5.948952565785718,2023-2024
Academic,Punjabi,speaking,5.780686683029853,2023-2024
Academic,Punjabi,overall,5.980284262800388,2023-2024
Academic,Russian,listening,6.931411660835159,2023-2024
Academic,Russian,reading,6.750237075308198,2023-2024
Academic,Russian,writing,6.027173735325856,2023-2024
Academic,Russian,speaking,6.48217847683202,2023-2024
Academic,Russian,overall,6.61209574572447,2023-2024
Academic,Sinhalese,listening,6.724544108118115,2023-2024
Academic,Sinhalese,reading,6.2567573822086455,2023-2024
Academic,Sinhalese,writing,6.001874479311303,2023-2024
Academic,Sinhalese,speaking,6.386975840044432,2023-2024
Academic,Sinhalese,overall,6.405211515319818,2023-2024
Academic,Spanish,listening,6.9275294652096004,2023-2024
Academic,Spanish,reading,6.958370138555889,2023-2024
Academic,Spanish,writing,6.099765287837872,2023-2024
Academic,Spanish,speaking,6.654203366731444,2023-2024
Academic,Spanish,overall,6.723292027357847,2023-2024
Academic,Swahili,listening,6.6429816002230275,2023-2024
Academic,Swahili,reading,6.194103707833844,2023-2024
Academic,Swahili,writing,6.220309450794536,2023-2024
Academic,Swahili,speaking,6.845518539169222,2023-2024
Academic,Swahili,overall,6.541364650125453,2023-2024
Academic,Tagalog,listening,7.046229553645689,2023-2024
Academic,Tagalog,reading,6.530981425006931,2023-2024
Academic,Tagalog,writing,6.191502633767674,2023-2024
Academic,Tagalog,speaking,6.744385916273912,2023-2024
Academic,Tagalog,overall,6.691987801497089,2023-2024
Academic,Tamil,listening,6.7844935464264005,2023-2024
Academic,Tamil,reading,6.313311165933713,2023-2024
Academic,Tamil,writing,6.10359683935786,2023-2024
Academic,Tamil,speaking,6.420823054095606,2023-2024
Academic,Tamil,overall,6.467893024419894,2023-2024
Academic,Telugu,listening,6.628065683142267,2023-2024
Academic,Telugu,reading,6.121875587295621,2023-2024
Academic,Telugu,writing,6.093638413831987,2023-2024
Academic,Telugu,speaking,6.3528707009960534,2023-2024
Academic,Telugu,overall,6.361727118962601,2023-2024
Academic,Thai,listening,6.420292466144192,2023-2024
Academic,Thai,reading,6.17639551992313,2023-2024
Academic,Thai,writing,5.755457466294327,2023-2024
Academic,Thai,speaking,5.874020358526259,2023-2024
Academic,Thai,overall,6.12052968201063,2023-2024
Academic,Turkish,listening,6.8255902901728795,2023-2024
Academic,Turkish,reading,6.621015860064256,2023-2024
Academic,Turkish,writing,5.962070987811719,2023-2024
Academic,Turkish,speaking,6.253365801417717,2023-2024
Academic,Turkish,overall,6.4806211433525425,2023-2024
Academic,Ukrainian,listening,6.918069437138349,2023-2024
Academic,Ukrainian,reading,6.662414518674382,2023-2024
Academic,Ukrainian,writing,5.961730668069437,2023-2024
Academic,Ukrainian,speaking,6.607837980010521,2023-2024
Academic,Ukrainian,overall,6.600802209363493,2023-2024
Academic,Urdu,listening,6.603032395703592,2023-2024
Academic,Urdu,reading,6.189706625889433,2023-2024
Academic,Urdu,writing,5.9762489055505545,2023-2024
Academic,Urdu,speaking,6.320929572948909,2023-2024
Academic,Urdu,overall,6.336258031100862,2023-2024
Academic,Uzbek,listening,6.243440727609064,2023-2024
Academic,Uzbek,reading,5.867234468937876,2023-2024
Academic,Uzbek,writing,5.71911515338369,2023-2024
Academic,Uzbek,speaking,5.740326807461076,2023-2024
Academic,Uzbek,overall,5.956713426853708,2023-2024
Academic,Vietnamese,listening,6.3131593780576,2023-2024
Academic,Vietnamese,reading,6.411465201854766,2023-2024
Academic,Vietnamese,writing,6.0111004168970945,2023-2024
Academic,Vietnamese,speaking,5.6567857446718,2023-2024
Academic,Vietnamese,overall,6.16405219721785,2023-2024
General_Training,Afrikaans,listening,6.693130265716137,2023-2024
General_Training,Afrikaans,reading,6.182922877511341,2023-2024
General_Training,Afrikaans,writing,6.3358716785482825,2023-2024
General_Training,Afrikaans,speaking,7.546014257939079,2023-2024
General_Training,Afrikaans,overall,6.752754374594945,2023-2024
General_Training,Akan,listening,5.671341702628482,2023-2024
General_Training,Akan,reading,4.7838367987446055,2023-2024
General_Training,Akan,writing,6.0130443311102395,2023-2024
General_Training,Akan,speaking,6.713907414672421,2023-2024
General_Training,Akan,overall,5.854060415849353,2023-2024
General_Training,Arabic,listening,5.995450287702395,2023-2024
General_Training,Arabic,reading,5.506913778491458,2023-2024
General_Training,Arabic,writing,5.728043177661805,2023-2024
General_Training,Arabic,speaking,6.233016637673402,2023-2024
General_Training,Arabic,overall,5.927516838396003,2023-2024
General_Training,Bengali,listening,5.56695525073083,2023-2024
General_Training,Bengali,reading,4.759697548909377,2023-2024
General_Training,Bengali,writing,5.511524623341579,2023-2024
General_Training,Bengali,speaking,5.57159320890488,2023-2024
General_Training,Bengali,overall,5.414605351922645,2023-2024
General_Training,Chinese,listening,6.3983624850781124,2023-2024
General_Training,Chinese,reading,6.328138786526185,2023-2024
General_Training,Chinese,writing,6.036500233559973,2023-2024
General_Training,Chinese,speaking,6.017348315773083,2023-2024
General_Training,Chinese,overall,6.258693621217626,2023-2024
General_Training,English,listening,6.666228316565378,2023-2024
General_Training,English,reading,6.074647192005856,2023-2024
General_Training,English,writing,6.434281531416509,2023-2024
General_Training,English,speaking,7.081030931345011,2023-2024
General_Training,English,overall,6.62560645523722,2023-2024
General_Training,Farsi,listening,6.284161180929583,2023-2024
General_Training,Farsi,reading,5.943347297027728,2023-2024
General_Training,Farsi,writing,6.022192300019948,2023-2024
General_Training,Farsi,speaking,6.3479453421105125,2023-2024
General_Training,Farsi,overall,6.211101137043687,2023-2024
General_Training,Filipino,listening,5.956726709822685,2023-2024
General_Training,Filipino,reading,5.238530819026175,2023-2024
General_Training,Filipino,writing,5.8032648466085,2023-2024
General_Training,Filipino,speaking,5.90381367858148,2023-2024
General_Training,Filipino,overall,5.7879022422366075,2023-2024
General_Training,French,listening,5.678437449029522,2023-2024
General_Training,French,reading,5.440099494372859,2023-2024
General_Training,French,writing,5.924808351003099,2023-2024
General_Training,French,speaking,6.052438427662698,2023-2024
General_Training,French,overall,5.8364051541347255,2023-2024
General_Training,German,listening,7.510421715947649,2023-2024
General_Training,German,reading,7.163596703829374,2023-2024
General_Training,German,writing,6.546291808046534,2023-2024
General_Training,German,speaking,7.278235579253514,2023-2024
General_Training,German,overall,7.191711100339312,2023-2024
General_Training,Gujarati,listening,6.4191206320457175,2023-2024
General_Training,Gujarati,reading,5.728039221809325,2023-2024
General_Training,Gujarati,writing,5.893841926115605,2023-2024
General_Training,Gujarati,speaking,6.027449021016144,2023-2024
General_Training,Gujarati,overall,6.078802735533835,2023-2024
General_Training,Hindi,listening,6.942128570834546,2023-2024
General_Training,Hindi,reading,6.36643935298765,2023-2024
General_Training,Hindi,writing,6.306831884901659,2023-2024
General_Training,Hindi,speaking,6.6116782402594705,2023-2024
General_Training,Hindi,overall,6.619651544762776,2023-2024
General_Training,Ibo/Igbo,listening,6.167945945945946,2023-2024
General_Training,Ibo/Igbo,reading,5.524270270270271,2023-2024
General_Training,Ibo/Igbo,writing,6.362810810810811,2023-2024
General_Training,Ibo/Igbo,speaking,6.998162162162163,2023-2024
General_Training,Ibo/Igbo,overall,6.325459459459459,2023-2024
General_Training,Indonesian,listening,5.71969696969697,2023-2024
General_Training,Indonesian,reading,5.377998737373737,2023-2024
General_Training,Indonesian,writing,5.679819023569023,2023-2024
General_Training,Indonesian,speaking,5.634785353535354,2023-2024
General_Training,Indonesian,overall,5.66635101010101,2023-2024
General_Training,Italian,listening,6.771495483439278,2023-2024
General_Training,Italian,reading,6.713616594178655,2023-2024
General_Training,Italian,writing,6.135664101706256,2023-2024
General_Training,Italian,speaking,6.508865841418535,2023-2024
General_Training,Italian,overall,6.593342254934761,2023-2024
General_Training,Japanese,listening,5.875183123351889,2023-2024
General_Training,Japanese,reading,5.594345150893642,2023-2024
General_Training,Japanese,writing,5.667154995605039,2023-2024
General_Training,Japanese,speaking,5.630676823908585,2023-2024
General_Training,Japanese,overall,5.750659244066803,2023-2024
General_Training,Kannada,listening,6.799014522821577,2023-2024
General_Training,Kannada,reading,6.262188796680498,2023-2024
General_Training,Kannada,writing,6.383039419087137,2023-2024
General_Training,Kannada,speaking,6.7328838174273855,2023-2024
General_Training,Kannada,overall,6.608921161825726,2023-2024
General_Training,Korean,listening,6.224660997471846,2023-2024
General_Training,Korean,reading,5.968168237186854,2023-2024
General_Training,Korean,writing,5.865777982073086,2023-2024
General_Training,Korean,speaking,5.827510917030568,2023-2024
General_Training,Korean,overall,6.033555504481728,2023-2024
General_Training,Malayalam,listening,6.532594029347276,2023-2024
General_Training,Malayalam,reading,6.040563332771125,2023-2024
General_Training,Malayalam,writing,6.167271040647664,2023-2024
General_Training,Malayalam,speaking,6.296044864226682,2023-2024
General_Training,Malayalam,overall,6.322061055827289,2023-2024
General_Training,Marathi,listening,7.106840796019901,2023-2024
General_Training,Marathi,reading,6.622636815920398,2023-2024
General_Training,Marathi,writing,6.4977611940298505,2023-2024
General_Training,Marathi,speaking,6.8159203980099505,2023-2024
General_Training,Marathi,overall,6.825870646766169,2023-2024
General_Training,Nepali,listening,5.730487166055527,2023-2024
General_Training,Nepali,reading,4.907106687620045,2023-2024
General_Training,Nepali,writing,5.743801292125021,2023-2024
General_Training,Nepali,speaking,5.635236598568186,2023-2024
General_Training,Nepali,overall,5.565086432687271,2023-2024
General_Training,Other,listening,6.404721918450242,2023-2024
General_Training,Other,reading,5.951062334010311,2023-2024
General_Training,Other,writing,6.106135760037494,2023-2024
General_Training,Other,speaking,6.480022652710514,2023-2024
General_Training,Other,overall,6.29891813779097,2023-2024
General_Training,Pashto,listening,5.317764165390505,2023-2024
General_Training,Pashto,reading,4.462021439509954,2023-2024
General_Training,Pashto,writing,5.374732006125575,2023-2024
General_Training,Pashto,speaking,5.634303215926493,2023-2024
General_Training,Pashto,overall,5.260490045941807,2023-2024
General_Training,Portuguese,listening,6.767836703548264,2023-2024
General_Training,Portuguese,reading,6.672834795879435,2023-2024
General_Training,Portuguese,writing,6.204215948111408,2023-2024
General_Training,Portuguese,speaking,6.716043494849294,2023-2024
General_Training,Portuguese,overall,6.6541396413582605,2023-2024
General_Training,Punjabi,listening,6.548298846468426,2023-2024
General_Training,Punjabi,reading,5.842989968881911,2023-2024
General_Training,Punjabi,writing,6.01506547960402,2023-2024
General_Training,Punjabi,speaking,6.100579116095855,2023-2024
General_Training,Punjabi,overall,6.189735731275089,2023-2024
General_Training,Russian,listening,6.961531100478469,2023-2024
General_Training,Russian,reading,6.9022966507177035,2023-2024
General_Training,Russian,writing,6.2709090909090905,2023-2024
General_Training,Russian,speaking,6.650143540669856,2023-2024
General_Training,Russian,overall,6.762488038277512,2023-2024
General_Training,Shona,listening,5.965548657038736,2023-2024
General_Training,Shona,reading,5.305506816034552,2023-2024
General_Training,Shona,writing,6.171683088136051,2023-2024
General_Training,Shona,speaking,6.608044270481846,2023-2024
General_Training,Shona,overall,6.07403158320961,2023-2024
General_Training,Sinhalese,listening,6.05354726464334,2023-2024
General_Training,Sinhalese,reading,5.406533926155036,2023-2024
General_Training,Sinhalese,writing,5.824328242799149,2023-2024
General_Training,Sinhalese,speaking,6.126473999613377,2023-2024
General_Training,Sinhalese,overall,5.916972743089117,2023-2024
General_Training,Spanish,listening,6.371886438710829,2023-2024
General_Training,Spanish,reading,6.290777609142041,2023-2024
General_Training,Spanish,writing,6.043612177484153,2023-2024
General_Training,Spanish,speaking,6.300308008213553,2023-2024
General_Training,Spanish,overall,6.314949558075172,2023-2024
General_Training,Swahili,listening,6.129898013955985,2023-2024
General_Training,Swahili,reading,5.566693505099302,2023-2024
General_Training,Swahili,writing,6.201959205582394,2023-2024
General_Training,Swahili,speaking,6.821121846484165,2023-2024
General_Training,Swahili,overall,6.245034889962426,2023-2024
General_Training,Tagalog,listening,5.891032826261009,2023-2024
General_Training,Tagalog,reading,5.1742193755004005,2023-2024
General_Training,Tagalog,writing,5.770056044835869,2023-2024
General_Training,Tagalog,speaking,5.935148118494796,2023-2024
General_Training,Tagalog,overall,5.754563650920737,2023-2024
General_Training,Tamil,listening,5.972243639167309,2023-2024
General_Training,Tamil,reading,5.336610125931637,2023-2024
General_Training,Tamil,writing,5.724717296324852,2023-2024
General_Training,Tamil,speaking,5.936680801850424,2023-2024
General_Training,Tamil,overall,5.804034952454382,2023-2024
General_Training,Telugu,listening,6.802102048149479,2023-2024
General_Training,Telugu,reading,6.236210923463888,2023-2024
General_Training,Telugu,writing,6.221343873517786,2023-2024
General_Training,Telugu,speaking,6.537279913762127,2023-2024
General_Training,Telugu,overall,6.514372978799856,2023-2024
General_Training,Thai,listening,5.3053179190751445,2023-2024
General_Training,Thai,reading,4.783005780346821,2023-2024
General_Training,Thai,writing,5.29907514450867,2023-2024
General_Training,Thai,speaking,5.267630057803468,2023-2024
General_Training,Thai,overall,5.22728323699422,2023-2024
General_Training,Turkish,listening,5.987761096605744,2023-2024
General_Training,Turkish,reading,5.6738740208877285,2023-2024
General_Training,Turkish,writing,5.7329471279373365,2023-2024
General_Training,Turkish,speaking,5.794386422976501,2023-2024
General_Training,Turkish,overall,5.859334203655353,2023-2024
General_Training,Ukrainian,listening,6.639284075263882,2023-2024
General_Training,Ukrainian,reading,6.3850390087195965,2023-2024
General_Training,Ukrainian,writing,6.061725562184488,2023-2024
General_Training,Ukrainian,speaking,6.612666360715925,2023-2024
General_Training,Ukrainian,overall,6.488297384121156,2023-2024
General_Training,Urdu,listening,5.603918497451328,2023-2024
General_Training,Urdu,reading,4.837420826291853,2023-2024
General_Training,Urdu,writing,5.545305909346963,2023-2024
General_Training,Urdu,speaking,5.673831801382191,2023-2024
General_Training,Urdu,overall,5.478257285355097,2023-2024
General_Training,Vietnamese,listening,5.701738481228669,2023-2024
General_Training,Vietnamese,reading,5.544848549488054,2023-2024
General_Training,Vietnamese,writing,5.797141638225256,2023-2024
General_Training,Vietnamese,speaking,5.3839590443686,2023-2024
General_Training,Vietnamese,overall,5.671075085324232,2023-2024
General_Training,Yoruba,listening,6.001151824922612,2023-2024
General_Training,Yoruba,reading,5.464689367216183,2023-2024
General_Training,Yoruba,writing,6.2226261608235545,2023-2024
General_Training,Yoruba,speaking,6.7956950543517385,2023-2024
General_Training,Yoruba,overall,6.1815923979555105,2023-2024
General_Training,Zulu,listening,5.847247428917121,2023-2024
General_Training,Zulu,reading,5.139745916515427,2023-2024
General_Training,Zulu,writing,6.085904416212946,2023-2024
General_Training,Zulu,speaking,6.864791288566243,2023-2024
General_Training,Zulu,overall,6.055051421657592,2023-2024
Academic,Akan,listening,6.8,2022-2023
Academic,Akan,reading,6.1,2022-2023
Academic,Akan,writing,6.3,2022-2023
Academic,Akan,speaking,7.1,2022-2023
Academic,Akan,overall,6.6,2022-2023
Academic,Arabic,listening,6,2022-2023
Academic,Arabic,reading,5.6,2022-2023
Academic,Arabic,writing,5.5,2022-2023
Academic,Arabic,speaking,6.1,2022-2023
Academic,Arabic,overall,5.9,2022-2023
Academic,Bengali,listening,6.3,2022-2023
Academic,Bengali,reading,5.9,2022-2023
Academic,Bengali,writing,5.8,2022-2023
Academic,Bengali,speaking,6.2,2022-2023
Academic,Bengali,overall,6.1,2022-2023
Academic,Burmese,listening,6.9,2022-2023
Academic,Burmese,reading,6.7,2022-2023
Academic,Burmese,writing,6.1,2022-2023
Academic,Burmese,speaking,6.3,2022-2023
Academic,Burmese,overall,6.6,2022-2023
Academic,Chinese,listening,6.2,2022-2023
Academic,Chinese,reading,6.5,2022-2023
Academic,Chinese,writing,5.8,2022-2023
Academic,Chinese,speaking,5.7,2022-2023
Academic,Chinese,overall,6.1,2022-2023
Academic,Dzongkha,listening,6.2,2022-2023
Academic,Dzongkha,reading,5.7,2022-2023
Academic,Dzongkha,writing,6,2022-2023
Academic,Dzongkha,speaking,6.3,2022-2023
Academic,Dzongkha,overall,6.1,2022-2023
Academic,English,listening,7.1,2022-2023
Academic,English,reading,6.6,2022-2023
Academic,English,writing,6.3,2022-2023
Academic,English,speaking,7,2022-2023
Academic,English,overall,6.8,2022-2023
Academic,Farsi,listening,6.7,2022-2023
Academic,Farsi,reading,6.4,2022-2023
Academic,Farsi,writing,6,2022-2023
Academic,Farsi,speaking,6.7,2022-2023
Academic,Farsi,overall,6.5,2022-2023
Academic,Filipino,listening,7.2,2022-2023
Academic,Filipino,reading,6.7,2022-2023
Academic,Filipino,writing,6.2,2022-2023
Academic,Filipino,speaking,6.8,2022-2023
Academic,Filipino,overall,6.8,2022-2023
Academic,French,listening,6.9,2022-2023
Academic,French,reading,7,2022-2023
Academic,French,writing,6.1,2022-2023
Academic,French,speaking,6.7,2022-2023
Academic,French,overall,6.7,2022-2023
Academic,German,listening,8.1,2022-2023
Academic,German,reading,7.8,2022-2023
Academic,German,writing,6.6,2022-2023
Academic,German,speaking,7.5,2022-2023
Academic,German,overall,7.6,2022-2023
Academic,Greek,listening,7.6,2022-2023
Academic,Greek,reading,7.3,2022-2023
Academic,Greek,writing,6.4,2022-2023
Academic,Greek,speaking,6.9,2022-2023
Academic,Greek,overall,7.1,2022-2023
Academic,Gujurati,listening,6.5,2022-2023
Academic,Gujurati,reading,5.9,2022-2023
Academic,Gujurati,writing,5.8,2022-2023
Academic,Gujurati,speaking,5.9,2022-2023
Academic,Gujurati,overall,6.1,2022-2023
Academic,Hindi,listening,6.9,2022-2023
Academic,Hindi,reading,6.3,2022-2023
Academic,Hindi,writing,6,2022-2023
Academic,Hindi,speaking,6.3,2022-2023
Academic,Hindi,overall,6.4,2022-2023
Academic,Ibo/lgbo,listening,6.7,2022-2023
Academic,Ibo/lgbo,reading,6.2,2022-2023
Academic,Ibo/lgbo,writing,6.3,2022-2023
Academic,Ibo/lgbo,speaking,7,2022-2023
Academic,Ibo/lgbo,overall,6.6,2022-2023
Academic,Indonesian,listening,6.9,2022-2023
Academic,Indonesian,reading,6.9,2022-2023
Academic,Indonesian,writing,6.1,2022-2023
Academic,Indonesian,speaking,6.4,2022-2023
Academic,Indonesian,overall,6.6,2022-2023
Academic,Italian,listening,7.2,2022-2023
Academic,Italian,reading,7.5,2022-2023
Academic,Italian,writing,6.2,2022-2023
Academic,Italian,speaking,6.6,2022-2023
Academic,Italian,overall,6.9,2022-2023
Academic,Japanese,listening,6,2022-2023
Academic,Japanese,reading,6.1,2022-2023
Academic,Japanese,writing,5.7,2022-2023
Academic,Japanese,speaking,5.5,2022-2023
Academic,Japanese,overall,5.9,2022-2023
Academic,Kannada,listening,7.1,2022-2023
Academic,Kannada,reading,6.5,2022-2023
Academic,Kannada,writing,6.2,2022-2023
Academic,Kannada,speaking,6.7,2022-2023
Academic,Kannada,overall,6.7,2022-2023
Academic,Kazakh,listening,6.4,2022-2023
Academic,Kazakh,reading,6.3,2022-2023
Academic,Kazakh,writing,5.8,2022-2023
Academic,Kazakh,speaking,6.1,2022-2023
Academic,Kazakh,overall,6.2,2022-2023
Academic,Korean,listening,6.5,2022-2023
Academic,Korean,reading,6.4,2022-2023
Academic,Korean,writing,5.9,2022-2023
Academic,Korean,speaking,5.9,2022-2023
Academic,Korean,overall,6.2,2022-2023
Academic,Malayalam,listening,6.7,2022-2023
Academic,Malayalam,reading,6.3,2022-2023
Academic,Malayalam,writing,6,2022-2023
Academic,Malayalam,speaking,6.3,2022-2023
Academic,Malayalam,overall,6.4,2022-2023
Academic,Marathi,listening,7.1,2022-2023
Academic,Marathi,reading,6.5,2022-2023
Academic,Marathi,writing,6.2,2022-2023
Academic,Marathi,speaking,6.6,2022-2023
Academic,Marathi,overall,6.7,2022-2023
Academic,Nepali,listening,6.5,2022-2023
Academic,Nepali,reading,5.9,2022-2023
Academic,Nepali,writing,5.9,2022-2023
Academic,Nepali,speaking,5.9,2022-2023
Academic,Nepali,overall,6.1,2022-2023
Academic,Other,listening,6.8,2022-2023
Academic,Other,reading,6.3,2022-2023
Academic,Other,writing,6.2,2022-2023
Academic,Other,speaking,6.9,2022-2023
Academic,Other,overall,6.6,2022-2023
Academic,Portuguese,listening,7.2,2022-2023
Academic,Portuguese,reading,7.2,2022-2023
Academic,Portuguese,writing,6.2,2022-2023
Academic,Portuguese,speaking,7,2022-2023
Academic,Portuguese,overall,6.9,2022-2023
Academic,Punjabi,listening,6.2,2022-2023
Academic,Punjabi,reading,5.7,2022-2023
Academic,Punjabi,writing,5.8,2022-2023
Academic,Punjabi,speaking,5.7,2022-2023
Academic,Punjabi,overall,5.9,2022-2023
Academic,Russian,listening,6.9,2022-2023
Academic,Russian,reading,6.8,2022-2023
Academic,Russian,writing,6,2022-2023
Academic,Russian,speaking,6.5,2022-2023
Academic,Russian,overall,6.7,2022-2023
Academic,Singhalese,listening,6.7,2022-2023
Academic,Singhalese,reading,6.3,2022-2023
Academic,Singhalese,writing,6,2022-2023
Academic,Singhalese,speaking,6.4,2022-2023
Academic,Singhalese,overall,6.4,2022-2023
Academic,Spanish,listening,6.9,2022-2023
Academic,Spanish,reading,7,2022-2023
Academic,Spanish,writing,6.1,2022-2023
Academic,Spanish,speaking,6.7,2022-2023
Academic,Spanish,overall,6.7,2022-2023
Academic,Swahili,listening,6.7,2022-2023
Academic,Swahili,reading,6.2,2022-2023
Academic,Swahili,writing,6.2,2022-2023
Academic,Swahili,speaking,6.9,2022-2023
Academic,Swahili,overall,6.6,2022-2023
Academic,Tagalog,listening,7,2022-2023
Academic,Tagalog,reading,6.5,2022-2023
Academic,Tagalog,writing,6.1,2022-2023
Academic,Tagalog,speaking,6.7,2022-2023
Academic,Tagalog,overall,6.7,2022-2023
Academic,Tamil,listening,6.8,2022-2023
Academic,Tamil,reading,6.3,2022-2023
Academic,Tamil,writing,6,2022-2023
Academic,Tamil,speaking,6.4,2022-2023
Academic,Tamil,overall,6.5,2022-2023
Academic,Telugu,listening,6.6,2022-2023
Academic,Telugu,reading,6.1,2022-2023
Academic,Telugu,writing,5.9,2022-2023
Academic,Telugu,speaking,6.3,2022-2023
Academic,Telugu,overall,6.3,2022-2023
Academic,Thai,listening,6.3,2022-2023
Academic,Thai,reading,6.1,2022-2023
Academic,Thai,writing,5.7,2022-2023
Academic,Thai,speaking,5.8,2022-2023
Academic,Thai,overall,6,2022-2023
Academic,Turkish,listening,6.8,2022-2023
Academic,Turkish,reading,6.7,2022-2023
Academic,Turkish,writing,6,2022-2023
Academic,Turkish,speaking,6.3,2022-2023
Academic,Turkish,overall,6.5,2022-2023
Academic,Urdu,listening,6.6,2022-2023
Academic,Urdu,reading,6.1,2022-2023
Academic,Urdu,writing,5.9,2022-2023
Academic,Urdu,speaking,6.3,2022-2023
Academic,Urdu,overall,6.3,2022-2023
Academic,Uzbek,listening,6,2022-2023
Academic,Uzbek,reading,5.7,2022-2023
Academic,Uzbek,writing,5.6,2022-2023
Academic,Uzbek,speaking,5.6,2022-2023
Academic,Uzbek,overall,5.8,2022-2023
Academic,Vietnamese,listening,6.4,2022-2023
Academic,Vietnamese,reading,6.4,2022-2023
Academic,Vietnamese,writing,6,2022-2023
Academic,Vietnamese,speaking,5.8,2022-2023
Academic,Vietnamese,overall,6.2,2022-2023
Academic,Yoruba,listening,6.7,2022-2023
Academic,Yoruba,reading,6.4,2022-2023
Academic,Yoruba,writing,6.3,2022-2023
Academic,Yoruba,speaking,7,2022-2023
Academic,Yoruba,overall,6.7,2022-2023
General_Training,Afrikaans,listening,6.9,2022-2023
General_Training,Afrikaans,reading,6.4,2022-2023
General_Training,Afrikaans,writing,6.4,2022-2023
General_Training,Afrikaans,speaking,7.7,2022-2023
General_Training,Afrikaans,overall,6.9,2022-2023
General_Training,Akan,listening,6,2022-2023
General_Training,Akan,reading,5.2,2022-2023
General_Training,Akan,writing,6.1,2022-2023
General_Training,Akan,speaking,6.9,2022-2023
General_Training,Akan,overall,6.1,2022-2023
General_Training,Albanian,listening,5.6,2022-2023
General_Training,Albanian,reading,5.1,2022-2023
General_Training,Albanian,writing,5.5,2022-2023
General_Training,Albanian,speaking,6,2022-2023
General_Training,Albanian,overall,5.6,2022-2023
General_Training,Arabic,listening,6.1,2022-2023
General_Training,Arabic,reading,5.7,2022-2023
General_Training,Arabic,writing,5.7,2022-2023
General_Training,Arabic,speaking,6.3,2022-2023
General_Training,Arabic,overall,6,2022-2023
General_Training,Bengali,listening,6,2022-2023
General_Training,Bengali,reading,5.3,2022-2023
General_Training,Bengali,writing,5.8,2022-2023
General_Training,Bengali,speaking,6,2022-2023
General_Training,Bengali,overall,5.8,2022-2023
General_Training,Chinese,listening,6.6,2022-2023
General_Training,Chinese,reading,6.5,2022-2023
General_Training,Chinese,writing,6.1,2022-2023
General_Training,Chinese,speaking,6.1,2022-2023
General_Training,Chinese,overall,6.4,2022-2023
General_Training,English,listening,6.8,2022-2023
General_Training,English,reading,6.3,2022-2023
General_Training,English,writing,6.5,2022-2023
General_Training,English,speaking,7.1,2022-2023
General_Training,English,overall,6.7,2022-2023
General_Training,Farsi,listening,6.2,2022-2023
General_Training,Farsi,reading,5.8,2022-2023
General_Training,Farsi,writing,6,2022-2023
General_Training,Farsi,speaking,6.4,2022-2023
General_Training,Farsi,overall,6.1,2022-2023
General_Training,Filipino,listening,6.1,2022-2023
General_Training,Filipino,reading,5.4,2022-2023
General_Training,Filipino,writing,5.9,2022-2023
General_Training,Filipino,speaking,6,2022-2023
General_Training,Filipino,overall,5.9,2022-2023
General_Training,French,listening,6.2,2022-2023
General_Training,French,reading,6.1,2022-2023
General_Training,French,writing,6.1,2022-2023
General_Training,French,speaking,6.4,2022-2023
General_Training,French,overall,6.2,2022-2023
General_Training,German,listening,7.5,2022-2023
General_Training,German,reading,7.2,2022-2023
General_Training,German,writing,6.6,2022-2023
General_Training,German,speaking,7.3,2022-2023
General_Training,German,overall,7.2,2022-2023
General_Training,Gujurati,listening,6.5,2022-2023
General_Training,Gujurati,reading,5.9,2022-2023
General_Training,Gujurati,writing,5.9,2022-2023
General_Training,Gujurati,speaking,6.1,2022-2023
General_Training,Gujurati,overall,6.2,2022-2023
General_Training,Hindi,listening,7,2022-2023
General_Training,Hindi,reading,6.4,2022-2023
General_Training,Hindi,writing,6.3,2022-2023
General_Training,Hindi,speaking,6.7,2022-2023
General_Training,Hindi,overall,6.7,2022-2023
General_Training,Ibo/lgbo,listening,6.1,2022-2023
General_Training,Ibo/lgbo,reading,5.5,2022-2023
General_Training,Ibo/lgbo,writing,6.3,2022-2023
General_Training,Ibo/lgbo,speaking,7,2022-2023
General_Training,Ibo/lgbo,overall,6.3,2022-2023
General_Training,Indonesian,listening,5.9,2022-2023
General_Training,Indonesian,reading,5.5,2022-2023
General_Training,Indonesian,writing,5.7,2022-2023
General_Training,Indonesian,speaking,5.7,2022-2023
General_Training,Indonesian,overall,5.8,2022-2023
General_Training,Italian,listening,6.6,2022-2023
General_Training,Italian,reading,6.5,2022-2023
General_Training,Italian,writing,6,2022-2023
General_Training,Italian,speaking,6.4,2022-2023
General_Training,Italian,overall,6.4,2022-2023
General_Training,Japanese,listening,6,2022-2023
General_Training,Japanese,reading,5.7,2022-2023
General_Training,Japanese,writing,5.7,2022-2023
General_Training,Japanese,speaking,5.7,2022-2023
General_Training,Japanese,overall,5.8,2022-2023
General_Training,Kannada,listening,7,2022-2023
General_Training,Kannada,reading,6.5,2022-2023
General_Training,Kannada,writing,6.4,2022-2023
General_Training,Kannada,speaking,6.9,2022-2023
General_Training,Kannada,overall,6.7,2022-2023
General_Training,Korean,listening,6.1,2022-2023
General_Training,Korean,reading,5.7,2022-2023
General_Training,Korean,writing,5.7,2022-2023
General_Training,Korean,speaking,5.7,2022-2023
General_Training,Korean,overall,5.9,2022-2023
General_Training,Malayalam,listening,6.6,2022-2023
General_Training,Malayalam,reading,6,2022-2023
General_Training,Malayalam,writing,6.1,2022-2023
General_Training,Malayalam,speaking,6.3,2022-2023
General_Training,Malayalam,overall,6.3,2022-2023
General_Training,Marathi,listening,7.1,2022-2023
General_Training,Marathi,reading,6.6,2022-2023
General_Training,Marathi,writing,6.4,2022-2023
General_Training,Marathi,speaking,6.8,2022-2023
General_Training,Marathi,overall,6.8,2022-2023
General_Training,Nepali,listening,5.9,2022-2023
General_Training,Nepali,reading,5.1,2022-2023
General_Training,Nepali,writing,5.7,2022-2023
General_Training,Nepali,speaking,5.7,2022-2023
General_Training,Nepali,overall,5.7,2022-2023
General_Training,Other,listening,6.1,2022-2023
General_Training,Other,reading,5.6,2022-2023
General_Training,Other,writing,6.2,2022-2023
General_Training,Other,speaking,6.8,2022-2023
General_Training,Other,overall,6.2,2022-2023
General_Training,Portuguese,listening,6.8,2022-2023
General_Training,Portuguese,reading,6.7,2022-2023
General_Training,Portuguese,writing,6.2,2022-2023
General_Training,Portuguese,speaking,6.7,2022-2023
General_Training,Portuguese,overall,6.7,2022-2023
General_Training,Punjabi,listening,6.4,2022-2023
General_Training,Punjabi,reading,5.7,2022-2023
General_Training,Punjabi,writing,5.9,2022-2023
General_Training,Punjabi,speaking,6.1,2022-2023
General_Training,Punjabi,overall,6.1,2022-2023
General_Training,Russian,listening,7,2022-2023
General_Training,Russian,reading,7,2022-2023
General_Training,Russian,writing,6.2,2022-2023
General_Training,Russian,speaking,6.7,2022-2023
General_Training,Russian,overall,6.8,2022-2023
General_Training,Shona,listening,6,2022-2023
General_Training,Shona,reading,5.4,2022-2023
General_Training,Shona,writing,6.2,2022-2023
General_Training,Shona,speaking,6.7,2022-2023
General_Training,Shona,overall,6.1,2022-2023
General_Training,Singhalese,listening,6.5,2022-2023
General_Training,Singhalese,reading,6,2022-2023
General_Training,Singhalese,writing,6,2022-2023
General_Training,Singhalese,speaking,6.4,2022-2023
General_Training,Singhalese,overall,6.3,2022-2023
General_Training,Spanish,listening,6.5,2022-2023
General_Training,Spanish,reading,6.4,2022-2023
General_Training,Spanish,writing,6.1,2022-2023
General_Training,Spanish,speaking,6.4,2022-2023
General_Training,Spanish,overall,6.4,2022-2023
General_Training,Swahili,listening,6.2,2022-2023
General_Training,Swahili,reading,5.6,2022-2023
General_Training,Swahili,writing,6.2,2022-2023
General_Training,Swahili,speaking,6.9,2022-2023
General_Training,Swahili,overall,6.3,2022-2023
General_Training,Tagalog,listening,5.9,2022-2023
General_Training,Tagalog,reading,5.2,2022-2023
General_Training,Tagalog,writing,5.8,2022-2023
General_Training,Tagalog,speaking,5.9,2022-2023
General_Training,Tagalog,overall,5.7,2022-2023
General_Training,Tamil,listening,6.6,2022-2023
General_Training,Tamil,reading,6.1,2022-2023
General_Training,Tamil,writing,6.1,2022-2023
General_Training,Tamil,speaking,6.5,2022-2023
General_Training,Tamil,overall,6.4,2022-2023
General_Training,Telugu,listening,6.8,2022-2023
General_Training,Telugu,reading,6.2,2022-2023
General_Training,Telugu,writing,6.1,2022-2023
General_Training,Telugu,speaking,6.5,2022-2023
General_Training,Telugu,overall,6.5,2022-2023
General_Training,Thai,listening,5.3,2022-2023
General_Training,Thai,reading,4.9,2022-2023
General_Training,Thai,writing,5.3,2022-2023
General_Training,Thai,speaking,5.3,2022-2023
General_Training,Thai,overall,5.3,2022-2023
General_Training,Turkish,listening,6.2,2022-2023
General_Training,Turkish,reading,6,2022-2023
General_Training,Turkish,writing,5.9,2022-2023
General_Training,Turkish,speaking,6,2022-2023
General_Training,Turkish,overall,6.1,2022-2023
General_Training,Ukrainian,listening,6.6,2022-2023
General_Training,Ukrainian,reading,6.4,2022-2023
General_Training,Ukrainian,writing,6,2022-2023
General_Training,Ukrainian,speaking,6.5,2022-2023
General_Training,Ukrainian,overall,6.4,2022-2023
General_Training,Urdu,listening,6.5,2022-2023
General_Training,Urdu,reading,6,2022-2023
General_Training,Urdu,writing,6.1,2022-2023
General_Training,Urdu,speaking,6.5,2022-2023
General_Training,Urdu,overall,6.3,2022-2023
General_Training,Vietnamese,listening,5.9,2022-2023
General_Training,Vietnamese,reading,5.7,2022-2023
General_Training,Vietnamese,writing,5.9,2022-2023
General_Training,Vietnamese,speaking,5.6,2022-2023
General_Training,Vietnamese,overall,5.8,2022-2023
General_Training,Yoruba,listening,6.1,2022-2023
General_Training,Yoruba,reading,5.6,2022-2023
General_Training,Yoruba,writing,6.2,2022-2023
General_Training,Yoruba,speaking,6.8,2022-2023
General_Training,Yoruba,overall,6.3,2022-2023
General_Training,Zulu,listening,5.9,2022-2023
General_Training,Zulu,reading,5.4,2022-2023
General_Training,Zulu,writing,6.1,2022-2023
General_Training,Zulu,speaking,6.9,2022-2023
General_Training,Zulu,overall,6.1,2022-2023
