cip4,field_of_study,broad_field,broad_field_short,median_starting_salary,median_salary_4yr,ai_exposure,ai_exposure_percentile,ai_exposure_language,ai_exposure_image,n_occupations,n_institutions,n_graduates
4604,"Building/Construction Finishing, Management, and Inspection",Construction Trades,Construction Trades,72864,90691,-1.201,0,-1.133,-0.984,21,4,206
5003,Dance,Visual and Performing Arts,Visual & Performing Arts,21878,39716,-1.162,0.4,-0.557,-1.796,3,62,1798
4807,Woodworking,Precision Production,Precision Production,19151,37055,-1.101,0.7,-1.174,-0.75,6,1,24
4703,Heavy/Industrial Equipment Maintenance Technologies/Technicians,Mechanic and Repair Technologies/Technicians,Mechanic & Repair Tech,65331,83528,-1.091,1.1,-1.129,-0.746,9,1,25
4903,Marine Transportation,Transportation and Materials Moving,Transportation,84187,117176,-0.736,1.4,-0.905,-0.139,4,7,632
4701,Electrical/Electronics Maintenance and Repair Technologies/Technicians,Mechanic and Repair Technologies/Technicians,Mechanic & Repair Tech,25583,NA,-0.684,1.8,-0.783,-0.245,12,1,20
4706,Vehicle Maintenance and Repair Technologies/Technicians,Mechanic and Repair Technologies/Technicians,Mechanic & Repair Tech,67372,82019,-0.666,2.1,-0.719,-0.403,18,4,187
3103,"Parks, Recreation, and Leisure Facilities Management","Parks, Recreation, Leisure, Fitness, and Kinesiology",Parks & Recreation,34040,50241,-0.601,2.5,-0.488,-0.644,3,49,3905
5127,Medical Illustration and Informatics,Health Professions and Related Programs,Health Professions,52611,83276,-0.569,2.8,-0.698,0.915,1,3,155
0102,Agricultural Mechanization,Agricultural/Animal/Plant/Veterinary Science and Related Fields,Agriculture,58929,73698,-0.543,3.2,-0.501,-0.565,6,10,312
5139,"Practical Nursing, Vocational Nursing and Nursing Assistants",Health Professions and Related Programs,Health Professions,10084,30043,-0.514,3.5,-0.298,-1.111,1,6,524
3105,"Sports, Kinesiology, and Physical Education/Fitness","Parks, Recreation, Leisure, Fitness, and Kinesiology",Parks & Recreation,30513,53700,-0.501,3.9,-0.098,-1.121,6,548,38158
0303,Fishing and Fisheries Sciences and Management,Natural Resources and Conservation,Natural Resources,33314,47998,-0.479,4.2,-0.558,-0.261,1,10,498
1203,Funeral Service and Mortuary Science,"Culinary, Entertainment, and Personal Services",Culinary & Personal Svc,49316,61578,-0.461,4.6,-0.386,-0.402,2,6,226
1205,Culinary Arts and Related Services,"Culinary, Entertainment, and Personal Services",Culinary & Personal Svc,30409,47138,-0.417,4.9,-0.355,-0.542,12,20,1136
0106,Applied Horticulture and Horticultural Business Services,Agricultural/Animal/Plant/Veterinary Science and Related Fields,Agriculture,46289,59376,-0.369,5.3,-0.295,-0.415,9,11,387
1509,Mining and Petroleum Technologies/Technicians,Engineering/Engineering-Related Technologies/Technicians,Engineering Tech,52842,74167,-0.359,5.6,-0.574,0.023,3,1,37
1505,Environmental Control Technologies/Technicians,Engineering/Engineering-Related Technologies/Technicians,Engineering Tech,47936,68224,-0.349,6,-0.48,0.01,5,5,155
1517,Energy Systems Technologies/Technicians,Engineering/Engineering-Related Technologies/Technicians,Engineering Tech,67764,88670,-0.292,6.3,-0.442,0.261,6,3,79
3106,Outdoor Education,"Parks, Recreation, Leisure, Fitness, and Kinesiology",Parks & Recreation,21737,39598,-0.244,6.7,0.097,-0.799,1,2,35
0105,Agricultural and Domestic Animal Services,Agricultural/Animal/Plant/Veterinary Science and Related Fields,Agriculture,31362,40047,-0.222,7,0.072,-0.834,4,7,217
5110,Clinical/Medical Laboratory Science/Research and Allied Professions,Health Professions and Related Programs,Health Professions,64851,74831,-0.162,7.4,-0.234,-0.066,8,98,4136
4302,Fire Protection,"Homeland Security, Law Enforcement, Firefighting and Related Protective Services",Homeland Security,67102,85618,-0.156,7.7,-0.186,0.07,6,20,1006
1506,Industrial Production Technologies/Technicians,Engineering/Engineering-Related Technologies/Technicians,Engineering Tech,59822,81852,-0.136,8.1,-0.333,0.384,5,48,2689
5108,Allied Health and Medical Assisting Services,Health Professions and Related Programs,Health Professions,32919,79657,-0.132,8.5,-0.058,-0.36,10,11,964
1508,Mechanical Engineering Related Technologies/Technicians,Engineering/Engineering-Related Technologies/Technicians,Engineering Tech,62554,81765,-0.12,8.8,-0.33,0.365,7,60,3265
5002,"Crafts/Craft Design, Folk Art and Artisanry",Visual and Performing Arts,Visual & Performing Arts,21237,37253,-0.086,9.2,0.045,0.149,2,3,69
0305,Forestry,Natural Resources and Conservation,Natural Resources,41189,58499,-0.08,9.5,-0.023,-0.056,5,31,1226
0183,Veterinary/Animal Health Technologies/Technicians,Agricultural/Animal/Plant/Veterinary Science and Related Fields,Agriculture,36814,41954,-0.07,9.9,0.118,-0.636,3,13,582
5109,"Allied Health Diagnostic, Intervention, and Treatment Professions",Health Professions and Related Programs,Health Professions,60597,72381,-0.046,10.2,-0.055,-0.128,14,200,9797
5005,Drama/Theatre Arts and Stagecraft,Visual and Performing Arts,Visual & Performing Arts,20732,40085,-0.041,10.6,0.21,-0.252,11,272,11891
0110,Food Science and Technology,Agricultural/Animal/Plant/Veterinary Science and Related Fields,Agriculture,51888,70554,0.034,10.9,0.021,0.024,7,26,882
1003,Graphic Communications,Communications Technologies/Technicians and Support Services,Communications Tech,25358,43858,0.07,11.3,-0.18,0.862,6,57,3052
5106,Dental Support Services and Allied Professions,Health Professions and Related Programs,Health Professions,60170,68287,0.133,11.6,0.147,0.049,3,74,3249
0104,Agricultural and Food Products Processing,Agricultural/Animal/Plant/Veterinary Science and Related Fields,Agriculture,62278,78704,0.149,12,0.196,-0.015,3,2,73
1504,Electromechanical Technologies/Technicians,Engineering/Engineering-Related Technologies/Technicians,Engineering Tech,62994,88911,0.175,12.3,-0.086,0.815,5,26,1654
1514,Nuclear Engineering Technology/Technician,Engineering/Engineering-Related Technologies/Technicians,Engineering Tech,101386,119783,0.182,12.7,-0.085,0.606,2,1,120
0103,Agricultural Production Operations,Agricultural/Animal/Plant/Veterinary Science and Related Fields,Agriculture,38189,51582,0.184,13,0.241,0.109,10,17,546
5123,Rehabilitation and Therapeutic Professions,Health Professions and Related Programs,Health Professions,34345,51635,0.192,13.4,0.348,-0.136,9,63,3665
1507,Quality Control and Safety Technologies/Technicians,Engineering/Engineering-Related Technologies/Technicians,Engineering Tech,66418,84705,0.208,13.7,0.023,0.593,3,21,1891
1503,Electrical/Electronic Engineering Technologies/Technicians,Engineering/Engineering-Related Technologies/Technicians,Engineering Tech,67395,83322,0.209,14.1,-0.004,0.67,7,51,3883
5001,"Visual and Performing Arts, General",Visual and Performing Arts,Visual & Performing Arts,25681,43044,0.219,14.4,0.099,1.165,7,64,3019
1002,Audiovisual Communications Technologies/Technicians,Communications Technologies/Technicians and Support Services,Communications Tech,23526,44660,0.224,14.8,0.027,0.72,5,18,1364
1511,Engineering-Related Technologies/Technicians,Engineering/Engineering-Related Technologies/Technicians,Engineering Tech,68766,84643,0.225,15.1,-0.058,0.865,5,2,34
4901,Air Transportation,Transportation and Materials Moving,Transportation,43044,81394,0.23,15.5,0.005,0.652,6,54,6263
5133,Alternative and Complementary Medicine and Medical Systems,Health Professions and Related Programs,Health Professions,35347,40273,0.23,15.8,0.279,-0.135,1,5,397
1905,"Foods, Nutrition, and Related Services",Family and Consumer Sciences/Human Sciences,Family & Consumer Sci,32286,55659,0.236,16.2,0.343,-0.057,6,38,4073
4301,Criminal Justice and Corrections,"Homeland Security, Law Enforcement, Firefighting and Related Protective Services",Homeland Security,37713,54282,0.264,16.5,0.257,0.218,18,663,84032
1512,Computer Engineering Technologies/Technicians,Engineering/Engineering-Related Technologies/Technicians,Engineering Tech,48829,79501,0.273,16.9,-0.001,0.849,2,32,1587
2902,"Intelligence, Command Control and Information Operations",Military Technologies and Applied Sciences,Military Tech,61299,84342,0.283,17.3,0.142,0.654,3,7,442
5007,Fine and Studio Arts,Visual and Performing Arts,Visual & Performing Arts,24486,41265,0.289,17.6,0.183,0.963,11,408,23084
2904,Military Systems and Maintenance Technology,Military Technologies and Applied Sciences,Military Tech,59512,72903,0.293,18,0.061,0.699,2,2,52
0302,Environmental/Natural Resources Management and Policy,Natural Resources and Conservation,Natural Resources,37946,52941,0.32,18.3,0.328,0.321,18,26,1358
1500,"Engineering Technologies/Technicians, General",Engineering/Engineering-Related Technologies/Technicians,Engineering Tech,60529,78801,0.363,18.7,0.089,0.935,6,34,1832
5100,"Health Services/Allied Health/Health Sciences, General",Health Professions and Related Programs,Health Professions,34995,58973,0.364,19,0.552,-0.042,2,155,12094
0109,Animal Sciences,Agricultural/Animal/Plant/Veterinary Science and Related Fields,Agriculture,34062,49225,0.407,19.4,0.439,0.316,5,82,6560
0108,Agricultural Public Services,Agricultural/Animal/Plant/Veterinary Science and Related Fields,Agriculture,43778,53382,0.424,19.7,0.332,0.61,2,10,374
5138,"Registered Nursing, Nursing Administration, Nursing Research and Clinical Nursing",Health Professions and Related Programs,Health Professions,75093,86238,0.439,20.1,0.512,0.086,6,1043,429074
4100,"Science Technologies/Technicians, General",Science Technologies/Technicians,Science Tech,71144,100209,0.45,20.6,0.176,1.003,1,1,46
4199,"Science Technologies/Technicians, Other",Science Technologies/Technicians,Science Tech,59366,75425,0.45,20.6,0.176,1.003,1,7,634
0111,Plant Sciences,Agricultural/Animal/Plant/Veterinary Science and Related Fields,Agriculture,42786,56812,0.499,21.1,0.555,0.383,8,50,1848
1310,Special Education and Teaching,Education,Education,44139,51258,0.504,21.5,0.849,-0.438,4,172,8394
1001,Communications Technologies/Technicians,Communications Technologies/Technicians and Support Services,Communications Tech,19860,38086,0.526,21.8,0.295,1,3,4,321
5219,"Specialized Sales, Merchandising and Marketing Operations","Business, Management, Marketing, and Related Support Services",Business,35228,54373,0.533,22.2,0.649,0.238,11,48,3823
0306,Wildlife and Wildlands Science and Management,Natural Resources and Conservation,Natural Resources,28748,45445,0.549,22.5,0.655,0.331,3,37,1770
5006,Film/Video and Photographic Arts,Visual and Performing Arts,Visual & Performing Arts,25344,44550,0.569,22.9,0.536,0.887,6,151,11161
5131,Dietetics and Clinical Nutrition Services,Health Professions and Related Programs,Health Professions,33319,55221,0.608,23.2,0.618,0.52,2,37,1493
5112,Medicine,Health Professions and Related Programs,Health Professions,33290,66899,0.628,23.6,0.554,0.652,1,1,61
0181,Veterinary Biomedical and Clinical Sciences,Agricultural/Animal/Plant/Veterinary Science and Related Fields,Agriculture,35700,65158,0.63,23.9,0.704,0.349,3,3,79
5009,Music,Visual and Performing Arts,Visual & Performing Arts,26060,44150,0.66,24.3,0.783,0.171,5,245,9365
1502,Civil Engineering Technologies/Technicians,Engineering/Engineering-Related Technologies/Technicians,Engineering Tech,59382,75611,0.666,24.6,0.341,1.354,2,12,413
5004,Design and Applied Arts,Visual and Performing Arts,Visual & Performing Arts,32665,51983,0.677,25,0.529,1.524,10,315,21921
5209,Hospitality Administration/Management,"Business, Management, Marketing, and Related Support Services",Business,34712,55856,0.682,25.4,0.72,0.449,8,140,11584
1501,Architectural Engineering Technologies/Technicians,Engineering/Engineering-Related Technologies/Technicians,Engineering Tech,50908,74220,0.683,25.7,0.343,1.426,3,9,377
0112,Soil Sciences,Agricultural/Animal/Plant/Veterinary Science and Related Fields,Agriculture,50408,64858,0.694,26.1,0.746,0.578,3,6,188
1907,"Human Development, Family Studies, and Related Services",Family and Consumer Sciences/Human Sciences,Family & Consumer Sci,33668,46972,0.7,26.4,0.768,0.548,7,168,17357
0301,Natural Resources Conservation and Research,Natural Resources and Conservation,Natural Resources,34090,55482,0.701,26.8,0.748,0.592,6,263,14441
0101,Agricultural Business and Management,Agricultural/Animal/Plant/Veterinary Science and Related Fields,Agriculture,48557,65882,0.705,27.1,0.769,0.415,9,79,5038
1402,"Aerospace, Aeronautical, and Astronautical/Space Engineering",Engineering,Engineering,72408,96510,0.749,27.5,0.608,1.014,5,58,4830
4304,Security Science and Technology,"Homeland Security, Law Enforcement, Firefighting and Related Protective Services",Homeland Security,39604,57509,0.749,27.8,0.678,0.813,13,44,2139
5099,"Visual and Performing Arts, Other",Visual and Performing Arts,Visual & Performing Arts,24306,45991,0.758,28.2,1.007,0.533,1,8,283
0107,International Agriculture,Agricultural/Animal/Plant/Veterinary Science and Related Fields,Agriculture,52068,56405,0.775,28.5,0.863,0.419,2,1,34
1108,Computer Software and Media Applications,Computer and Information Sciences and Support Services,Computer Science,34082,50722,0.784,28.9,0.737,1.112,5,70,4763
1515,Engineering-Related Fields,Engineering/Engineering-Related Technologies/Technicians,Engineering Tech,68919,89514,0.787,29.2,0.582,1.214,8,31,1704
1438,Surveying Engineering,Engineering,Engineering,72931,84958,0.788,29.6,0.583,1.222,5,1,18
4303,Homeland Security,"Homeland Security, Law Enforcement, Firefighting and Related Protective Services",Homeland Security,48676,69365,0.798,29.9,0.842,0.651,4,31,1895
0100,"Agriculture, General",Agricultural/Animal/Plant/Veterinary Science and Related Fields,Agriculture,39292,52676,0.806,30.3,0.827,0.691,4,48,2162
4400,"Human Services, General",Public Administration and Social Service Professions,Public Administration,36630,48799,0.811,30.6,0.891,0.431,2,86,8509
5218,"General Sales, Merchandising and Related Marketing Operations","Business, Management, Marketing, and Related Support Services",Business,53448,75796,0.821,31,0.916,0.4,11,26,2170
4503,Archeology,Social Sciences,Social Sciences,26804,40591,0.835,31.3,0.98,0.508,4,2,59
2607,Zoology/Animal Biology,Biological and Biomedical Sciences,Biological Sciences,28461,44201,0.837,31.7,0.815,0.81,5,55,3367
1314,Teaching English or French as a Second or Foreign Language,Education,Education,36439,46899,0.851,32,0.994,0.426,6,6,121
5401,History,History,History,31194,51168,0.855,32.4,0.964,0.641,9,399,17835
1513,Drafting/Design Engineering Technologies/Technicians,Engineering/Engineering-Related Technologies/Technicians,Engineering Tech,60153,71326,0.892,32.7,0.537,1.815,3,9,441
1906,Housing and Human Environments,Family and Consumer Sciences/Human Sciences,Family & Consumer Sci,38637,52861,0.892,33.1,0.897,1.058,4,13,405
4005,Chemistry,Physical Sciences,Physical Sciences,42677,66486,0.896,33.5,0.877,0.823,9,209,7261
5102,Communication Disorders Sciences and Services,Health Professions and Related Programs,Health Professions,24702,59564,0.901,33.8,1.088,0.099,3,105,4117
5107,Health and Medical Administrative Services,Health Professions and Related Programs,Health Professions,44526,58969,0.906,34.2,0.955,0.49,12,281,31788
1422,Naval Architecture and Marine Engineering,Engineering,Engineering,92559,106186,0.912,34.5,0.776,1.225,3,5,389
0904,Journalism,"Communication, Journalism, and Related Programs",Communication,34577,55118,0.917,34.9,0.985,0.901,7,183,14282
1909,Apparel and Textiles,Family and Consumer Sciences/Human Sciences,Family & Consumer Sci,36945,58582,0.92,35.2,0.821,1.271,9,53,3215
3032,Marine Sciences,Multi/Interdisciplinary Studies,Interdisciplinary,27337,53037,0.921,35.6,0.8,1.13,6,3,127
5010,"Arts, Entertainment, and Media Management",Visual and Performing Arts,Visual & Performing Arts,28357,49413,0.923,35.9,1.011,0.63,5,43,2720
4507,Geography and Cartography,Social Sciences,Social Sciences,38726,57677,0.924,36.3,0.817,1.125,5,97,3301
4404,Public Administration,Public Administration and Social Service Professions,Public Administration,45278,64953,0.933,36.6,0.859,1.008,9,45,2515
1312,"Teacher Education and Professional Development, Specific Levels and Methods",Education,Education,41896,47700,0.935,37,1.122,0.404,10,693,57001
2604,Cell/Cellular Biology and Anatomical Sciences,Biological and Biomedical Sciences,Biological Sciences,35393,68579,0.939,37.3,0.865,1.011,10,39,2663
2601,"Biology, General",Biological and Biomedical Sciences,Biological Sciences,32422,57777,0.94,37.7,0.882,0.989,7,841,69000
2609,"Physiology, Pathology and Related Sciences",Biological and Biomedical Sciences,Biological Sciences,31146,60004,0.949,38,1.016,0.701,7,61,3583
1302,"Bilingual, Multilingual, and Multicultural Education",Education,Education,56102,57494,0.953,38.4,1.134,0.391,8,2,81
1435,Industrial Engineering,Engineering,Engineering,74787,98330,0.959,38.7,0.811,1.157,4,95,4924
2602,"Biochemistry, Biophysics and Molecular Biology",Biological and Biomedical Sciences,Biological Sciences,38340,65300,0.964,39.1,0.884,1.07,7,138,6025
3006,Systems Science and Theory,Multi/Interdisciplinary Studies,Interdisciplinary,35840,64444,0.965,39.4,0.91,0.964,1,6,212
1313,"Teacher Education and Professional Development, Specific Subject Areas",Education,Education,43093,51247,0.968,39.8,1.227,0.274,29,350,19902
4502,Anthropology,Social Sciences,Social Sciences,27806,46328,0.969,40.1,1.005,0.886,6,180,6796
3019,Nutrition Sciences,Multi/Interdisciplinary Studies,Interdisciplinary,30113,61238,0.972,40.5,1.041,0.729,8,49,2165
2610,Pharmacology and Toxicology,Biological and Biomedical Sciences,Biological Sciences,39202,64445,0.975,40.8,0.965,0.887,7,5,102
4010,Materials Sciences,Physical Sciences,Physical Sciences,72216,92864,0.976,41.2,0.852,1.145,7,1,78
5115,Mental and Social Health Services and Allied Professions,Health Professions and Related Programs,Health Professions,39676,51856,0.98,41.5,1.174,0.388,15,49,2962
2613,"Ecology, Evolution, Systematics, and Population Biology",Biological and Biomedical Sciences,Biological Sciences,29460,51031,0.99,41.9,1.02,0.811,12,64,2682
1445,Biological/Biosystems Engineering,Engineering,Engineering,59620,86844,0.991,42.3,0.825,1.338,4,8,212
5204,Business Operations Support and Assistant Services,"Business, Management, Marketing, and Related Support Services",Business,16658,22986,0.992,42.6,0.982,0.657,18,5,187
1401,"Engineering, General",Engineering,Engineering,68331,88063,0.992,43.7,0.855,1.234,3,52,2791
1413,Engineering Science,Engineering,Engineering,73720,90778,0.992,43.7,0.855,1.234,3,8,229
1424,Ocean Engineering,Engineering,Engineering,69707,85868,0.992,43.7,0.855,1.234,3,4,121
1434,Forest Engineering,Engineering,Engineering,51279,72107,0.992,43.7,0.855,1.234,3,2,82
1442,"Mechatronics, Robotics, and Automation Engineering",Engineering,Engineering,80491,105016,0.992,43.7,0.855,1.234,3,5,231
1499,"Engineering, Other",Engineering,Engineering,73153,94278,0.993,44.7,0.832,1.319,4,17,772
0409,Architectural Sciences and Technology,Architecture and Related Services,Architecture,49261,69776,0.994,45.1,0.816,1.517,3,28,1402
1411,Engineering Mechanics,Engineering,Engineering,77174,96892,0.995,45.4,0.811,1.332,4,2,62
1304,Educational Administration and Supervision,Education,Education,37480,46541,0.997,45.8,1.135,0.64,5,15,2728
2501,Library Science and Administration,Library Science,Library Science,27108,38786,1.009,46.1,1.076,0.834,3,2,70
3012,Historic Preservation and Conservation,Multi/Interdisciplinary Studies,Interdisciplinary,35326,57635,1.012,46.5,1.191,0.637,4,1,26
1110,Computer/Information Technology Administration and Management,Computer and Information Sciences and Support Services,Computer Science,59172,83222,1.012,46.8,0.928,1.12,2,108,9948
0907,"Radio, Television, and Digital Communication","Communication, Journalism, and Related Programs",Communication,30036,49716,1.017,47.2,1.05,0.901,5,143,13967
1441,Electromechanical Engineering,Engineering,Engineering,84375,100012,1.021,47.5,0.829,1.368,5,1,40
3025,Cognitive Science,Multi/Interdisciplinary Studies,Interdisciplinary,41362,81160,1.022,47.9,1.14,0.677,3,19,1454
5122,Public Health,Health Professions and Related Programs,Health Professions,37548,56615,1.024,48.2,1.032,0.849,11,217,16776
1427,Systems Engineering,Engineering,Engineering,79942,110810,1.028,48.6,0.868,1.297,4,11,543
2615,Neurobiology and Neurosciences,Biological and Biomedical Sciences,Biological Sciences,31770,61194,1.029,48.9,0.983,1.012,5,98,5101
0406,Landscape Architecture,Architecture and Related Services,Architecture,53098,67002,1.031,49.3,0.91,1.476,3,18,455
4407,Social Work,Public Administration and Social Service Professions,Public Administration,37334,51267,1.033,49.6,1.234,0.387,7,342,18043
0402,Architecture,Architecture and Related Services,Architecture,47542,67204,1.035,50,0.835,1.679,3,67,2935
1410,"Electrical, Electronics, and Communications Engineering",Engineering,Engineering,77636,98668,1.035,50.4,0.86,1.37,7,266,17732
5132,"Health Professions Education, Ethics, and Humanities",Health Professions and Related Programs,Health Professions,106754,123202,1.04,50.7,1.217,0.547,15,1,67
1403,Agricultural Engineering,Engineering,Engineering,65020,85393,1.043,51.1,0.891,1.304,3,22,1111
1404,Architectural Engineering,Engineering,Engineering,73510,89797,1.049,51.4,0.953,1.256,4,13,565
2603,Botany/Plant Biology,Biological and Biomedical Sciences,Biological Sciences,31861,51729,1.049,51.8,1.056,0.981,4,2,52
2605,Microbiological Sciences and Immunology,Biological and Biomedical Sciences,Biological Sciences,38040,65195,1.052,52.1,1.024,0.983,9,57,2093
3033,Sustainability Studies,Multi/Interdisciplinary Studies,Interdisciplinary,38242,60285,1.052,52.5,0.992,1.158,6,24,648
5207,Entrepreneurial and Small Business Operations,"Business, Management, Marketing, and Related Support Services",Business,45316,64478,1.056,52.8,1.129,0.721,4,68,2773
1405,Biomedical/Medical Engineering,Engineering,Engineering,64852,94168,1.059,53.2,0.906,1.38,3,120,5474
0405,Interior Architecture,Architecture and Related Services,Architecture,44811,61658,1.06,53.5,0.905,1.69,3,15,407
1407,Chemical Engineering,Engineering,Engineering,73072,96666,1.061,53.9,0.841,1.522,5,159,10357
1902,Family and Consumer Sciences/Human Sciences Business Services,Family and Consumer Sciences/Human Sciences,Family & Consumer Sci,40256,56800,1.062,54.2,1.146,0.914,9,8,410
4006,Geological and Earth Sciences/Geosciences,Physical Sciences,Physical Sciences,39696,60986,1.065,54.6,1.067,0.927,5,109,3976
5120,"Pharmacy, Pharmaceutical Sciences, and Administration",Health Professions and Related Programs,Health Professions,49444,73595,1.066,54.9,1.046,0.925,14,13,658
0909,"Public Relations, Advertising, and Applied Communication","Communication, Journalism, and Related Programs",Communication,39973,62247,1.072,55.3,1.219,0.717,13,188,18495
1420,Metallurgical Engineering,Engineering,Engineering,75484,92016,1.075,55.8,0.922,1.356,3,4,101
1428,Textile Sciences and Engineering,Engineering,Engineering,45078,71837,1.075,55.8,0.922,1.356,3,1,210
5211,International Business,"Business, Management, Marketing, and Related Support Services",Business,49890,73640,1.077,56.3,1.132,0.785,4,103,3902
5215,Real Estate,"Business, Management, Marketing, and Related Support Services",Business,54665,83592,1.077,56.7,1.088,0.885,3,28,1016
1440,Paper Science and Engineering,Engineering,Engineering,86401,102825,1.079,57.2,0.868,1.49,4,1,25
1443,Biochemical Engineering,Engineering,Engineering,68934,100606,1.079,57.2,0.868,1.49,4,2,74
5201,"Business/Commerce, General","Business, Management, Marketing, and Related Support Services",Business,46958,65292,1.079,57.7,1.055,0.946,11,272,84236
1439,Geological/Geophysical Engineering,Engineering,Engineering,64080,81862,1.081,58.1,0.899,1.422,4,4,102
0404,Environmental Design,Architecture and Related Services,Architecture,40176,59482,1.082,58.5,0.873,1.813,6,6,248
5202,"Business Administration, Management and Operations","Business, Management, Marketing, and Related Support Services",Business,45717,64881,1.085,58.8,1.077,0.898,36,1216,251042
1901,"Family and Consumer Sciences/Human Sciences, General",Family and Consumer Sciences/Human Sciences,Family & Consumer Sci,31748,46136,1.088,59.2,1.167,0.848,3,42,3069
0403,"City/Urban, Community, and Regional Planning",Architecture and Related Services,Architecture,44146,68163,1.096,59.5,0.99,1.43,3,15,693
1436,Manufacturing Engineering,Engineering,Engineering,72154,87431,1.096,59.9,0.921,1.333,5,14,474
3029,Maritime Studies,Multi/Interdisciplinary Studies,Interdisciplinary,32325,57878,1.099,60.2,1.491,0.26,1,1,22
1510,Construction Engineering Technology/Technician,Engineering/Engineering-Related Technologies/Technicians,Engineering Tech,72240,92567,1.11,60.6,0.774,1.67,3,45,2931
1409,Computer Engineering,Engineering,Engineering,79205,105871,1.11,60.9,0.987,1.35,3,180,11139
2608,Genetics,Biological and Biomedical Sciences,Biological Sciences,31800,66084,1.112,61.3,1.066,1.068,6,11,368
0410,Real Estate Development,Architecture and Related Services,Architecture,49353,107292,1.114,61.6,1.085,1.074,4,1,56
4004,Atmospheric Sciences and Meteorology,Physical Sciences,Physical Sciences,41430,66943,1.115,62,1.05,1.058,4,13,295
3027,Human Biology,Multi/Interdisciplinary Studies,Interdisciplinary,31690,68124,1.118,62.3,1.088,1.177,5,10,778
4504,Criminology,Social Sciences,Social Sciences,37476,55356,1.121,62.7,1.184,0.831,5,111,9097
0408,"Architectural History, Criticism, and Conservation",Architecture and Related Services,Architecture,30189,NA,1.123,63,1.116,1.324,3,1,17
1433,Construction Engineering,Engineering,Engineering,75998,101108,1.125,63.4,0.925,1.431,5,14,746
0910,Publishing,"Communication, Journalism, and Related Programs",Communication,17585,NA,1.128,63.7,1.191,1.229,1,1,21
1412,Engineering Physics,Engineering,Engineering,57457,86713,1.13,64.1,0.981,1.361,5,8,210
1414,Environmental/Environmental Health Engineering,Engineering,Engineering,64608,81659,1.132,64.4,0.948,1.488,4,48,1399
0901,Communication and Media Studies,"Communication, Journalism, and Related Programs",Communication,34746,54826,1.14,64.8,1.351,0.696,6,636,67655
2611,"Biomathematics, Bioinformatics, and Computational Biology",Biological and Biomedical Sciences,Biological Sciences,72338,123320,1.141,65.1,1.107,0.998,9,4,108
4227,Research and Experimental Psychology,Psychology,Psychology,34452,54849,1.141,65.5,1.173,0.893,9,88,8396
1406,Ceramic Sciences and Engineering,Engineering,Engineering,71644,83641,1.142,66,0.918,1.581,4,3,80
1432,Polymer/Plastics Engineering,Engineering,Engineering,70044,88268,1.142,66,0.918,1.581,4,6,227
1425,Petroleum Engineering,Engineering,Engineering,68913,102500,1.145,66.5,1.006,1.355,3,19,957
4599,"Social Sciences, Other",Social Sciences,Social Sciences,36414,56628,1.146,66.9,0.997,1.433,2,34,1469
1418,Materials Engineering,Engineering,Engineering,74110,92070,1.148,67.3,0.975,1.386,4,33,1089
4513,Sociology and Anthropology,Social Sciences,Social Sciences,28378,47030,1.149,67.6,1.34,0.675,5,10,336
3905,Religious Music and Worship,Theology and Religious Vocations,Theology & Religion,30092,51701,1.152,68,1.396,0.356,3,3,75
0999,"Communication, Journalism, and Related Programs, Other","Communication, Journalism, and Related Programs",Communication,36931,58335,1.155,68.3,1.354,0.903,3,19,774
1904,Family and Consumer Economics and Related Studies,Family and Consumer Sciences/Human Sciences,Family & Consumer Sci,40141,51564,1.158,68.7,1.216,0.808,3,16,1823
1423,Nuclear Engineering,Engineering,Engineering,74132,94365,1.164,69,1.019,1.349,3,10,322
3101,"Parks, Recreation, and Leisure Studies","Parks, Recreation, Leisure, Fitness, and Kinesiology",Parks & Recreation,34451,49369,1.165,69.4,1.429,0.464,1,59,2822
1101,"Computer and Information Sciences, General",Computer and Information Sciences and Support Services,Computer Science,61448,85698,1.169,70.6,1.168,1.077,2,462,56428
1104,Information Science/Studies,Computer and Information Sciences and Support Services,Computer Science,61290,85517,1.169,70.6,1.168,1.077,2,147,33330
1107,Computer Science,Computer and Information Sciences and Support Services,Computer Science,70906,100385,1.169,70.6,1.168,1.077,2,355,30201
1109,Computer Systems Networking and Telecommunications,Computer and Information Sciences and Support Services,Computer Science,60540,73884,1.169,70.6,1.168,1.077,2,47,6635
3031,Human Computer Interaction,Multi/Interdisciplinary Studies,Interdisciplinary,59722,87243,1.169,70.6,1.168,1.077,2,5,619
5212,Management Information Systems and Services,"Business, Management, Marketing, and Related Support Services",Business,59738,83086,1.169,70.6,1.168,1.077,2,156,10004
1408,Civil Engineering,Engineering,Engineering,69424,85054,1.171,71.8,0.943,1.59,7,225,17057
3022,Classical and Ancient Studies,Multi/Interdisciplinary Studies,Interdisciplinary,32054,40615,1.173,72.2,1.449,0.567,5,1,26
2203,Legal Support Services,Legal Professions and Studies,Legal,36829,51675,1.174,72.5,1.305,0.513,4,34,1021
4228,"Clinical, Counseling and Applied Psychology",Psychology,Psychology,34506,52771,1.177,72.9,1.297,0.803,12,59,3058
2314,Literature,English Language and Literature/Letters,English,23868,45749,1.178,73.2,1.406,0.925,3,8,241
1421,Mining and Mineral Engineering,Engineering,Engineering,85897,109619,1.178,73.6,1.005,1.491,3,5,110
1419,Mechanical Engineering,Engineering,Engineering,70705,91129,1.18,73.9,0.983,1.461,5,326,41617
2612,Biotechnology,Biological and Biomedical Sciences,Biological Sciences,47016,76622,1.189,74.5,1.206,1.04,3,18,511
2699,"Biological and Biomedical Sciences, Other",Biological and Biomedical Sciences,Biological Sciences,35324,81617,1.189,74.5,1.206,1.04,3,14,2071
5220,Construction Management,"Business, Management, Marketing, and Related Support Services",Business,72746,93340,1.189,75,1.127,1.117,2,56,2990
4402,Community Organization and Advocacy,Public Administration and Social Service Professions,Public Administration,41991,54080,1.191,75.4,1.321,0.552,2,21,2401
1301,"Education, General",Education,Education,38982,49225,1.193,75.9,1.624,0.041,1,68,6118
1309,Social and Philosophical Foundations of Education,Education,Education,33915,57847,1.193,75.9,1.624,0.041,1,2,119
4512,Urban Studies/Affairs,Social Sciences,Social Sciences,40294,59596,1.201,76.4,1.244,1.039,3,25,750
2313,Rhetoric and Composition/Writing Studies,English Language and Literature/Letters,English,28418,47439,1.201,76.8,1.394,0.932,5,121,7432
0502,"Ethnic, Cultural Minority, Gender, and Group Studies","Area, Ethnic, Cultural, Gender, and Group Studies",Area & Ethnic Studies,31459,52747,1.21,77.1,1.51,0.195,2,93,4024
1603,"East Asian Languages, Literatures, and Linguistics","Foreign Languages, Literatures, and Linguistics",Foreign Languages,27331,52195,1.212,78.5,1.471,0.263,3,21,571
1604,"Slavic, Baltic and Albanian Languages, Literatures, and Linguistics","Foreign Languages, Literatures, and Linguistics",Foreign Languages,60240,NA,1.212,78.5,1.471,0.263,3,1,24
1605,"Germanic Languages, Literatures, and Linguistics","Foreign Languages, Literatures, and Linguistics",Foreign Languages,44390,61040,1.212,78.5,1.471,0.263,3,5,136
1609,"Romance Languages, Literatures, and Linguistics","Foreign Languages, Literatures, and Linguistics",Foreign Languages,34510,56087,1.212,78.5,1.471,0.263,3,199,6968
1611,"Middle/Near Eastern and Semitic Languages, Literatures, and Linguistics","Foreign Languages, Literatures, and Linguistics",Foreign Languages,48355,NA,1.212,78.5,1.471,0.263,3,1,17
1616,American Sign Language,"Foreign Languages, Literatures, and Linguistics",Foreign Languages,32998,45796,1.212,78.5,1.471,0.263,3,20,506
1699,"Foreign Languages, Literatures, and Linguistics, Other","Foreign Languages, Literatures, and Linguistics",Foreign Languages,34944,61628,1.212,78.5,1.471,0.263,3,2,51
3011,Gerontology,Multi/Interdisciplinary Studies,Interdisciplinary,37623,55121,1.22,79.9,1.304,0.911,4,5,152
5205,Business/Corporate Communications,"Business, Management, Marketing, and Related Support Services",Business,38452,60148,1.227,80.3,1.419,0.798,8,24,1754
4008,Physics,Physical Sciences,Physical Sciences,46368,77737,1.227,80.6,1.207,1.093,4,78,2368
4299,"Psychology, Other",Psychology,Psychology,36890,61581,1.229,81,1.319,0.856,3,5,341
4511,Sociology,Social Sciences,Social Sciences,34105,52125,1.232,81.3,1.388,0.748,4,421,27467
3018,Natural Sciences,Multi/Interdisciplinary Studies,Interdisciplinary,30631,56124,1.234,81.9,1.077,1.448,2,11,271
4099,"Physical Sciences, Other",Physical Sciences,Physical Sciences,47513,65700,1.234,81.9,1.077,1.448,2,2,116
5217,Insurance,"Business, Management, Marketing, and Related Support Services",Business,55819,92310,1.242,82.4,1.261,0.864,7,20,1319
4405,Public Policy Analysis,Public Administration and Social Service Professions,Public Administration,44740,70080,1.243,82.7,1.404,0.726,7,40,1906
4501,"Social Sciences, General",Social Sciences,Social Sciences,37446,52936,1.243,83.1,1.271,1.003,10,79,5047
5210,Human Resources Management and Services,"Business, Management, Marketing, and Related Support Services",Business,50722,67525,1.247,83.5,1.375,0.757,12,174,14573
1303,Curriculum and Instruction,Education,Education,35099,45772,1.247,83.8,1.474,0.659,2,2,121
1305,Educational/Instructional Media Design,Education,Education,40786,NA,1.25,84.2,1.323,1.112,2,1,27
4509,International Relations and National Security Studies,Social Sciences,Social Sciences,38250,67001,1.251,84.5,1.455,0.641,3,109,6787
4201,"Psychology, General",Psychology,Psychology,31680,50152,1.259,84.9,1.302,1.017,5,960,117334
1399,"Education, Other",Education,Education,32461,46850,1.259,85.2,1.555,0.286,2,22,1639
3001,Biological and Physical Sciences,Multi/Interdisciplinary Studies,Interdisciplinary,35639,63018,1.26,85.7,1.245,1.123,2,35,2755
4001,"Physical Sciences, General",Physical Sciences,Physical Sciences,41504,66618,1.26,85.7,1.245,1.123,2,2,166
0399,"Natural Resources and Conservation, Other",Natural Resources and Conservation,Natural Resources,34422,49617,1.26,86.3,1.563,0.435,1,2,77
4510,Political Science and Government,Social Sciences,Social Sciences,35813,62218,1.267,86.6,1.362,0.852,7,532,36925
5208,Finance and Financial Management Services,"Business, Management, Marketing, and Related Support Services",Business,53751,77813,1.274,87,1.245,0.848,19,437,48272
1601,"Linguistic, Comparative, and Related Language Studies and Services","Foreign Languages, Literatures, and Linguistics",Foreign Languages,27539,49114,1.277,87.3,1.471,0.613,5,80,2810
1102,Computer Programming,Computer and Information Sciences and Support Services,Computer Science,50242,78404,1.278,87.9,1.39,0.879,1,33,1629
1105,Computer Systems Analysis,Computer and Information Sciences and Support Services,Computer Science,51805,71675,1.278,87.9,1.39,0.879,1,28,9608
4002,Astronomy and Astrophysics,Physical Sciences,Physical Sciences,39728,69728,1.28,88.4,1.227,1.224,5,7,185
3017,Behavioral Sciences,Multi/Interdisciplinary Studies,Interdisciplinary,36206,48657,1.282,88.7,1.296,1.112,5,19,4246
3907,Pastoral Counseling and Specialized Ministries,Theology and Religious Vocations,Theology & Religion,32226,44522,1.286,89.1,1.542,0.545,3,22,762
3902,Bible/Biblical Studies,Theology and Religious Vocations,Theology & Religion,33918,44569,1.287,89.8,1.577,0.526,2,37,1977
3903,Missions/Missionary Studies and Missiology,Theology and Religious Vocations,Theology & Religion,28103,40561,1.287,89.8,1.577,0.526,2,8,360
3904,Religious Education,Theology and Religious Vocations,Theology & Religion,32276,45165,1.287,89.8,1.577,0.526,2,13,683
4506,Economics,Social Sciences,Social Sciences,51815,81228,1.29,90.5,1.244,1.128,8,360,29348
2200,Non-Professional Legal Studies,Legal Professions and Studies,Legal,39558,65388,1.292,90.8,1.333,1.016,1,39,2312
3008,Mathematics and Computer Science,Multi/Interdisciplinary Studies,Interdisciplinary,89651,137218,1.295,91.2,1.23,1.198,5,9,533
2301,"English Language and Literature, General",English Language and Literature/Letters,English,29848,49016,1.299,91.5,1.514,0.65,3,507,29890
3010,Biopsychology,Multi/Interdisciplinary Studies,Interdisciplinary,43343,NA,1.299,91.9,1.34,1.074,5,1,27
3030,Computational Science,Multi/Interdisciplinary Studies,Interdisciplinary,43834,NA,1.303,92.3,1.316,1.096,2,1,16
5213,Management Sciences and Quantitative Methods,"Business, Management, Marketing, and Related Support Services",Business,59832,85268,1.308,92.6,1.278,1.053,10,134,10381
0501,Area Studies,"Area, Ethnic, Cultural, Gender, and Group Studies",Area & Ethnic Studies,34211,57407,1.309,93,1.669,0.452,1,66,2583
3023,Intercultural/Multicultural and Diversity Studies,Multi/Interdisciplinary Studies,Interdisciplinary,25750,42526,1.318,93.5,1.377,1.177,2,3,74
3026,Cultural Studies/Critical Theory and Analysis,Multi/Interdisciplinary Studies,Interdisciplinary,21458,37350,1.318,93.5,1.377,1.177,2,1,25
3906,Theological and Ministerial Studies,Theology and Religious Vocations,Theology & Religion,32211,47518,1.323,94,1.635,0.438,2,28,1165
3015,"Science, Technology and Society",Multi/Interdisciplinary Studies,Interdisciplinary,43943,82455,1.328,94.4,1.241,1.313,1,12,644
5214,Marketing,"Business, Management, Marketing, and Related Support Services",Business,44796,67010,1.332,94.7,1.339,1.145,7,510,51509
3802,Religion/Religious Studies,Philosophy and Religious Studies,Philosophy & Religion,25640,47121,1.336,95.1,1.734,0.372,2,39,2461
1306,"Educational Assessment, Evaluation, and Research",Education,Education,29772,46205,1.341,95.4,1.352,1.122,6,2,91
2701,Mathematics,Mathematics and Statistics,Mathematics & Statistics,48828,71217,1.343,95.8,1.261,1.221,5,259,10295
2202,Legal Research and Advanced Professional Studies,Legal Professions and Studies,Legal,45770,74456,1.343,96.1,1.628,0.651,2,3,129
5203,Accounting and Related Services,"Business, Management, Marketing, and Related Support Services",Business,53737,72480,1.348,96.5,1.2,1.119,13,731,57949
2703,Applied Mathematics,Mathematics and Statistics,Mathematics & Statistics,60930,95719,1.355,96.8,1.222,1.309,9,44,2043
1437,Operations Research,Engineering,Engineering,92531,145296,1.36,97.2,1.271,1.337,3,6,220
3899,"Philosophy and Religious Studies, Other",Philosophy and Religious Studies,Philosophy & Religion,28712,59604,1.364,97.5,1.8,0.291,1,1,20
3801,Philosophy,Philosophy and Religious Studies,Philosophy & Religion,31583,55814,1.376,97.9,1.404,1.032,4,79,2581
2799,"Mathematics and Statistics, Other",Mathematics and Statistics,Mathematics & Statistics,59063,102382,1.38,98.2,1.271,1.279,3,7,226
3005,Peace Studies and Conflict Resolution,Multi/Interdisciplinary Studies,Interdisciplinary,40929,72271,1.38,98.6,1.366,1.349,2,5,240
5206,Business/Managerial Economics,"Business, Management, Marketing, and Related Support Services",Business,53269,80336,1.395,98.9,1.405,1.025,4,80,4005
2705,Statistics,Mathematics and Statistics,Mathematics & Statistics,60216,88033,1.411,99.3,1.256,1.349,6,52,2080
2399,"English Language and Literature/Letters, Other",English Language and Literature/Letters,English,24239,39286,1.418,99.6,1.857,0.375,1,16,549
3020,International/Globalization Studies,Multi/Interdisciplinary Studies,Interdisciplinary,32819,58640,1.419,100,1.687,0.636,1,81,4392
