franchise_slug,franchise,entry_id,name,rank,tier,tier_label,eligible,continuity,media,citations,shown,stated,scaled,url
berserk,Berserk,femto,Femto,1,apex,Tier 01 · apex,TRUE,manga,comic,4,4,0,0,https://citedfeats.com/berserk/#femto
berserk,Berserk,ganishka,Ganishka,2,apex,Tier 01 · apex,TRUE,manga,comic,3,3,0,0,https://citedfeats.com/berserk/#ganishka
berserk,Berserk,zodd,Nosferatu Zodd,3,apex,Tier 01 · apex,TRUE,manga,comic,4,3,1,0,https://citedfeats.com/berserk/#zodd
berserk,Berserk,guts,Guts,4,apex,Tier 01 · apex,TRUE,manga,comic,4,4,0,0,https://citedfeats.com/berserk/#guts
berserk,Berserk,skull-knight,The Skull Knight,5,apex,Tier 01 · apex,TRUE,manga,comic,3,3,0,0,https://citedfeats.com/berserk/#skull-knight
berserk,Berserk,grunbeld,Grunbeld,6,apostles,Tier 02 · the inhuman,TRUE,manga,comic,2,2,0,0,https://citedfeats.com/berserk/#grunbeld
berserk,Berserk,irvine,Irvine,7,apostles,Tier 02 · the inhuman,TRUE,manga,comic,3,3,0,0,https://citedfeats.com/berserk/#irvine
berserk,Berserk,locus,Locus,8,apostles,Tier 02 · the inhuman,TRUE,manga,comic,3,2,1,0,https://citedfeats.com/berserk/#locus
berserk,Berserk,wyald,Wyald,9,apostles,Tier 02 · the inhuman,TRUE,manga,comic,3,3,0,0,https://citedfeats.com/berserk/#wyald
berserk,Berserk,rosine,Rosine,10,apostles,Tier 02 · the inhuman,TRUE,manga,comic,3,3,0,0,https://citedfeats.com/berserk/#rosine
berserk,Berserk,the-count,The Count,11,apostles,Tier 02 · the inhuman,TRUE,manga,comic,3,3,0,0,https://citedfeats.com/berserk/#the-count
berserk,Berserk,mozgus,Mozgus,12,apostles,Tier 02 · the inhuman,TRUE,manga,comic,3,3,0,0,https://citedfeats.com/berserk/#mozgus
berserk,Berserk,schierke,Schierke,13,mortal,Tier 03 · no bargain,TRUE,manga,comic,3,3,0,0,https://citedfeats.com/berserk/#schierke
berserk,Berserk,casca,Casca,14,mortal,Tier 03 · no bargain,TRUE,manga,comic,3,3,0,0,https://citedfeats.com/berserk/#casca
berserk,Berserk,serpico,Serpico,15,mortal,Tier 03 · no bargain,TRUE,manga,comic,3,2,1,0,https://citedfeats.com/berserk/#serpico
berserk,Berserk,farnese,Farnese,16,mortal,Tier 03 · no bargain,TRUE,manga,comic,2,2,0,0,https://citedfeats.com/berserk/#farnese
berserk,Berserk,isidro,Isidro,17,mortal,Tier 03 · no bargain,TRUE,manga,comic,2,2,0,0,https://citedfeats.com/berserk/#isidro
berserk,Berserk,judeau,Judeau,18,mortal,Tier 03 · no bargain,TRUE,manga,comic,3,3,0,0,https://citedfeats.com/berserk/#judeau
berserk,Berserk,pippin,Pippin,19,mortal,Tier 03 · no bargain,TRUE,manga,comic,2,2,0,0,https://citedfeats.com/berserk/#pippin
berserk,Berserk,corkus,Corkus,20,mortal,Tier 03 · no bargain,TRUE,manga,comic,3,3,0,0,https://citedfeats.com/berserk/#corkus
berserk,Berserk,bazuso,Bazuso,21,mortal,Tier 03 · no bargain,TRUE,manga,comic,1,1,0,0,https://citedfeats.com/berserk/#bazuso
berserk,Berserk,adon,Adon Coborlwitz,22,mortal,Tier 03 · no bargain,TRUE,manga,comic,1,1,0,0,https://citedfeats.com/berserk/#adon
berserk,Berserk,silat,Silat,23,mortal,Tier 03 · no bargain,TRUE,manga,comic,1,1,0,0,https://citedfeats.com/berserk/#silat
berserk,Berserk,roderick,Roderick,24,mortal,Tier 03 · no bargain,TRUE,manga,comic,1,1,0,0,https://citedfeats.com/berserk/#roderick
berserk,Berserk,idea-of-evil,The Idea of Evil,NA,unrankable,Tier 00 · off the scale,FALSE,manga,comic,3,2,1,0,https://citedfeats.com/berserk/#idea-of-evil
berserk,Berserk,void,Void,NA,unrankable,Tier 00 · off the scale,FALSE,manga,comic,3,3,0,0,https://citedfeats.com/berserk/#void
berserk,Berserk,slan,Slan,NA,unrankable,Tier 00 · off the scale,FALSE,manga,comic,3,3,0,0,https://citedfeats.com/berserk/#slan
berserk,Berserk,ubik,Ubik,NA,unrankable,Tier 00 · off the scale,FALSE,manga,comic,2,2,0,0,https://citedfeats.com/berserk/#ubik
berserk,Berserk,conrad,Conrad,NA,unrankable,Tier 00 · off the scale,FALSE,manga,comic,2,2,0,0,https://citedfeats.com/berserk/#conrad
bleach,Bleach,yhwach,Yhwach,1,apex,Tier 01 · apex,TRUE,manga;anime-tybw,comic;animation,3,2,1,0,https://citedfeats.com/bleach/#yhwach
bleach,Bleach,ichigo-kurosaki,Ichigo Kurosaki,2,apex,Tier 01 · apex,TRUE,manga;anime-classic;anime-tybw,comic;animation;film,2,2,0,0,https://citedfeats.com/bleach/#ichigo-kurosaki
bleach,Bleach,ichibee-hyosube,Ichibee Hyosube,3,apex,Tier 01 · apex,TRUE,manga;anime-tybw,comic;animation,2,2,0,0,https://citedfeats.com/bleach/#ichibee-hyosube
bleach,Bleach,senjumaru-shutara,Senjumaru Shutara,4,apex,Tier 01 · apex,TRUE,manga;anime-tybw,comic;animation,2,2,0,0,https://citedfeats.com/bleach/#senjumaru-shutara
bleach,Bleach,jugram-haschwalth,Jugram Haschwalth,5,apex,Tier 01 · apex,TRUE,manga;anime-tybw,comic;animation,2,2,0,0,https://citedfeats.com/bleach/#jugram-haschwalth
bleach,Bleach,genryusai-yamamoto,Genryusai Yamamoto,6,apex,Tier 01 · apex,TRUE,manga;anime-classic;anime-tybw,comic;animation,2,2,0,0,https://citedfeats.com/bleach/#genryusai-yamamoto
bleach,Bleach,sosuke-aizen,Sosuke Aizen,7,apex,Tier 01 · apex,TRUE,manga;anime-classic;anime-tybw,comic;animation,3,2,1,0,https://citedfeats.com/bleach/#sosuke-aizen
bleach,Bleach,gerard-valkyrie,Gerard Valkyrie,8,greats,Tier 02 · the greats,TRUE,manga;anime-tybw,comic;animation,2,1,1,0,https://citedfeats.com/bleach/#gerard-valkyrie
bleach,Bleach,pernida-parnkgjas,Pernida Parnkgjas,9,greats,Tier 02 · the greats,TRUE,manga;anime-tybw,comic;animation,2,1,1,0,https://citedfeats.com/bleach/#pernida-parnkgjas
bleach,Bleach,lille-barro,Lille Barro,10,greats,Tier 02 · the greats,TRUE,manga;anime-tybw,comic;animation,2,1,1,0,https://citedfeats.com/bleach/#lille-barro
bleach,Bleach,askin-nakk-le-vaar,Askin Nakk Le Vaar,11,greats,Tier 02 · the greats,TRUE,manga;anime-tybw,comic;animation,1,1,0,0,https://citedfeats.com/bleach/#askin-nakk-le-vaar
bleach,Bleach,retsu-unohana,Retsu Unohana,12,greats,Tier 02 · the greats,TRUE,manga;anime-tybw,comic;animation,2,1,1,0,https://citedfeats.com/bleach/#retsu-unohana
bleach,Bleach,kenpachi-zaraki,Kenpachi Zaraki,13,greats,Tier 02 · the greats,TRUE,manga;anime-classic;anime-tybw,comic;animation,2,1,1,0,https://citedfeats.com/bleach/#kenpachi-zaraki
bleach,Bleach,kisuke-urahara,Kisuke Urahara,14,greats,Tier 02 · the greats,TRUE,manga;anime-classic,comic;animation,2,2,0,0,https://citedfeats.com/bleach/#kisuke-urahara
bleach,Bleach,gremmy-thoumeaux,Gremmy Thoumeaux,15,greats,Tier 02 · the greats,TRUE,manga;anime-tybw,comic;animation,2,2,0,0,https://citedfeats.com/bleach/#gremmy-thoumeaux
bleach,Bleach,ulquiorra-cifer,Ulquiorra Cifer,16,greats,Tier 02 · the greats,TRUE,manga;anime-classic,comic;animation,2,2,0,0,https://citedfeats.com/bleach/#ulquiorra-cifer
bleach,Bleach,coyote-starrk,Coyote Starrk,17,greats,Tier 02 · the greats,TRUE,manga;anime-classic,comic;animation,2,1,1,0,https://citedfeats.com/bleach/#coyote-starrk
bleach,Bleach,baraggan-louisenbairn,Baraggan Louisenbairn,18,greats,Tier 02 · the greats,TRUE,manga;anime-classic,comic;animation,2,2,0,0,https://citedfeats.com/bleach/#baraggan-louisenbairn
bleach,Bleach,byakuya-kuchiki,Byakuya Kuchiki,19,greats,Tier 02 · the greats,TRUE,manga;anime-classic;anime-tybw,comic;animation,1,1,0,0,https://citedfeats.com/bleach/#byakuya-kuchiki
bleach,Bleach,tia-halibel,Tia Halibel,20,appointed,Tier 03 · where the number was handed out,TRUE,manga;anime-classic,comic;animation,2,2,0,0,https://citedfeats.com/bleach/#tia-halibel
bleach,Bleach,nnoitra-gilga,Nnoitra Gilga,21,appointed,Tier 03 · where the number was handed out,TRUE,manga;anime-classic,comic;animation,1,1,0,0,https://citedfeats.com/bleach/#nnoitra-gilga
bleach,Bleach,grimmjow-jaegerjaquez,Grimmjow Jaegerjaquez,22,appointed,Tier 03 · where the number was handed out,TRUE,manga;anime-classic;anime-tybw,comic;animation,3,3,0,0,https://citedfeats.com/bleach/#grimmjow-jaegerjaquez
bleach,Bleach,yammy-llargo,Yammy Llargo,23,appointed,Tier 03 · where the number was handed out,TRUE,manga;anime-classic,comic;animation,2,2,0,0,https://citedfeats.com/bleach/#yammy-llargo
bleach,Bleach,toshiro-hitsugaya,Toshiro Hitsugaya,24,appointed,Tier 03 · where the number was handed out,TRUE,manga;anime-classic;anime-tybw,comic;animation,2,1,1,0,https://citedfeats.com/bleach/#toshiro-hitsugaya
bleach,Bleach,uryu-ishida,Uryu Ishida,25,appointed,Tier 03 · where the number was handed out,TRUE,manga;anime-classic;anime-tybw,comic;animation,1,1,0,0,https://citedfeats.com/bleach/#uryu-ishida
bleach,Bleach,rukia-kuchiki,Rukia Kuchiki,26,appointed,Tier 03 · where the number was handed out,TRUE,manga;anime-classic;anime-tybw,comic;animation,1,1,0,0,https://citedfeats.com/bleach/#rukia-kuchiki
bleach,Bleach,soul-king,The Soul King,NA,unwitnessed,Tier 00 · not on the scale,FALSE,manga;anime-tybw,comic;animation,2,1,1,0,https://citedfeats.com/bleach/#soul-king
dark-souls,Dark Souls & Demon’s Souls,gwyn,"Gwyn, Lord of Cinder",1,lords,Tier 01 · apex,TRUE,ds1,game,2,1,1,0,https://citedfeats.com/dark-souls/#gwyn
dark-souls,Dark Souls & Demon’s Souls,nito,Gravelord Nito,2,lords,Tier 01 · apex,TRUE,ds1,game,1,0,1,0,https://citedfeats.com/dark-souls/#nito
dark-souls,Dark Souls & Demon’s Souls,witch-of-izalith,The Witch of Izalith,3,lords,Tier 01 · apex,TRUE,ds1,game,1,0,1,0,https://citedfeats.com/dark-souls/#witch-of-izalith
dark-souls,Dark Souls & Demon’s Souls,manus,"Manus, Father of the Abyss",4,lords,Tier 01 · apex,TRUE,ds1,game,1,1,0,0,https://citedfeats.com/dark-souls/#manus
dark-souls,Dark Souls & Demon’s Souls,seath,Seath the Scaleless,5,lords,Tier 01 · apex,TRUE,ds1,game,1,0,1,0,https://citedfeats.com/dark-souls/#seath
dark-souls,Dark Souls & Demon’s Souls,four-kings,The Four Kings,6,lords,Tier 01 · apex,TRUE,ds1,game,3,1,2,0,https://citedfeats.com/dark-souls/#four-kings
dark-souls,Dark Souls & Demon’s Souls,king-allant,King Allant XII,7,lords,Tier 01 · apex,TRUE,des,game,2,1,1,0,https://citedfeats.com/dark-souls/#king-allant
dark-souls,Dark Souls & Demon’s Souls,nameless-king,The Nameless King,8,heirs,Tier 02 · the greats,TRUE,ds3;ds1,game,1,1,0,0,https://citedfeats.com/dark-souls/#nameless-king
dark-souls,Dark Souls & Demon’s Souls,soul-of-cinder,The Soul of Cinder,9,heirs,Tier 02 · the greats,TRUE,ds3,game,1,1,0,0,https://citedfeats.com/dark-souls/#soul-of-cinder
dark-souls,Dark Souls & Demon’s Souls,gael,Slave Knight Gael,10,heirs,Tier 02 · the greats,TRUE,ds3,game,1,1,0,0,https://citedfeats.com/dark-souls/#gael
dark-souls,Dark Souls & Demon’s Souls,abyss-watchers,The Abyss Watchers,11,heirs,Tier 02 · the greats,TRUE,ds3,game,2,1,1,0,https://citedfeats.com/dark-souls/#abyss-watchers
dark-souls,Dark Souls & Demon’s Souls,midir,Darkeater Midir,12,heirs,Tier 02 · the greats,TRUE,ds3,game,1,0,1,0,https://citedfeats.com/dark-souls/#midir
dark-souls,Dark Souls & Demon’s Souls,artorias,Artorias the Abysswalker,13,heirs,Tier 02 · the greats,TRUE,ds1,game,1,1,0,0,https://citedfeats.com/dark-souls/#artorias
dark-souls,Dark Souls & Demon’s Souls,aldrich,"Aldrich, Devourer of Gods",14,heirs,Tier 02 · the greats,TRUE,ds3,game,1,1,0,0,https://citedfeats.com/dark-souls/#aldrich
dark-souls,Dark Souls & Demon’s Souls,vendrick,King Vendrick,15,heirs,Tier 02 · the greats,TRUE,ds2,game,1,1,0,0,https://citedfeats.com/dark-souls/#vendrick
dark-souls,Dark Souls & Demon’s Souls,aldia,"Aldia, Scholar of the First Sin",16,heirs,Tier 02 · the greats,TRUE,ds2,game,2,1,1,0,https://citedfeats.com/dark-souls/#aldia
dark-souls,Dark Souls & Demon’s Souls,maiden-in-black,The Maiden in Black,17,heirs,Tier 02 · the greats,TRUE,des,game,1,1,0,0,https://citedfeats.com/dark-souls/#maiden-in-black
dark-souls,Dark Souls & Demon’s Souls,pontiff-sulyvahn,Pontiff Sulyvahn,18,knights,Tier 03 · everyone else you'd name,TRUE,ds3,game,1,0,1,0,https://citedfeats.com/dark-souls/#pontiff-sulyvahn
dark-souls,Dark Souls & Demon’s Souls,lorian-lothric,Lorian and Lothric,19,knights,Tier 03 · everyone else you'd name,TRUE,ds3,game,1,1,0,0,https://citedfeats.com/dark-souls/#lorian-lothric
dark-souls,Dark Souls & Demon’s Souls,nashandra,Nashandra,20,knights,Tier 03 · everyone else you'd name,TRUE,ds2,game,1,0,1,0,https://citedfeats.com/dark-souls/#nashandra
dark-souls,Dark Souls & Demon’s Souls,sister-friede,Sister Friede,21,knights,Tier 03 · everyone else you'd name,TRUE,ds3,game,1,1,0,0,https://citedfeats.com/dark-souls/#sister-friede
dark-souls,Dark Souls & Demon’s Souls,gwyndolin,Dark Sun Gwyndolin,22,knights,Tier 03 · everyone else you'd name,TRUE,ds1;ds3,game,1,0,1,0,https://citedfeats.com/dark-souls/#gwyndolin
dark-souls,Dark Souls & Demon’s Souls,priscilla,Crossbreed Priscilla,23,knights,Tier 03 · everyone else you'd name,TRUE,ds1,game,1,1,0,0,https://citedfeats.com/dark-souls/#priscilla
dark-souls,Dark Souls & Demon’s Souls,ornstein-smough,Ornstein and Smough,24,knights,Tier 03 · everyone else you'd name,TRUE,ds1,game,1,1,0,0,https://citedfeats.com/dark-souls/#ornstein-smough
dark-souls,Dark Souls & Demon’s Souls,fume-knight,The Fume Knight,25,knights,Tier 03 · everyone else you'd name,TRUE,ds2,game,1,1,0,0,https://citedfeats.com/dark-souls/#fume-knight
dark-souls,Dark Souls & Demon’s Souls,flamelurker,Flamelurker,26,knights,Tier 03 · everyone else you'd name,TRUE,des,game,1,1,0,0,https://citedfeats.com/dark-souls/#flamelurker
dark-souls,Dark Souls & Demon’s Souls,old-monk,The Old Monk,27,knights,Tier 03 · everyone else you'd name,TRUE,des,game,1,1,0,0,https://citedfeats.com/dark-souls/#old-monk
dark-souls,Dark Souls & Demon’s Souls,sif,"Sif, the Great Grey Wolf",28,knights,Tier 03 · everyone else you'd name,TRUE,ds1,game,1,1,0,0,https://citedfeats.com/dark-souls/#sif
dark-souls,Dark Souls & Demon’s Souls,havel,Havel the Rock,29,knights,Tier 03 · everyone else you'd name,TRUE,ds1,game,1,0,1,0,https://citedfeats.com/dark-souls/#havel
dark-souls,Dark Souls & Demon’s Souls,gough,Hawkeye Gough,30,knights,Tier 03 · everyone else you'd name,TRUE,ds1,game,1,1,0,0,https://citedfeats.com/dark-souls/#gough
dark-souls,Dark Souls & Demon’s Souls,kalameet,Black Dragon Kalameet,31,knights,Tier 03 · everyone else you'd name,TRUE,ds1,game,1,1,0,0,https://citedfeats.com/dark-souls/#kalameet
dark-souls,Dark Souls & Demon’s Souls,ciaran,Lord's Blade Ciaran,32,knights,Tier 03 · everyone else you'd name,TRUE,ds1,game,1,0,1,0,https://citedfeats.com/dark-souls/#ciaran
dark-souls,Dark Souls & Demon’s Souls,yhorm,Yhorm the Giant,33,knights,Tier 03 · everyone else you'd name,TRUE,ds3,game,1,0,1,0,https://citedfeats.com/dark-souls/#yhorm
dark-souls,Dark Souls & Demon’s Souls,champion-gundyr,Champion Gundyr,34,knights,Tier 03 · everyone else you'd name,TRUE,ds3,game,1,0,1,0,https://citedfeats.com/dark-souls/#champion-gundyr
dark-souls,Dark Souls & Demon’s Souls,dancer,Dancer of the Boreal Valley,35,knights,Tier 03 · everyone else you'd name,TRUE,ds3,game,1,0,1,0,https://citedfeats.com/dark-souls/#dancer
dark-souls,Dark Souls & Demon’s Souls,oceiros,"Oceiros, the Consumed King",36,knights,Tier 03 · everyone else you'd name,TRUE,ds3,game,1,1,0,0,https://citedfeats.com/dark-souls/#oceiros
dark-souls,Dark Souls & Demon’s Souls,velstadt,"Velstadt, the Royal Aegis",37,knights,Tier 03 · everyone else you'd name,TRUE,ds2,game,1,0,1,0,https://citedfeats.com/dark-souls/#velstadt
dark-souls,Dark Souls & Demon’s Souls,maiden-astraea,Maiden Astraea,38,knights,Tier 03 · everyone else you'd name,TRUE,des,game,1,0,1,0,https://citedfeats.com/dark-souls/#maiden-astraea
dark-souls,Dark Souls & Demon’s Souls,storm-king,The Storm King,39,knights,Tier 03 · everyone else you'd name,TRUE,des,game,1,1,0,0,https://citedfeats.com/dark-souls/#storm-king
dark-souls,Dark Souls & Demon’s Souls,furtive-pygmy,The Furtive Pygmy,NA,absent,Tier 00 · not on the scale,FALSE,ds1,game,1,0,1,0,https://citedfeats.com/dark-souls/#furtive-pygmy
dark-souls,Dark Souls & Demon’s Souls,everlasting-dragons,The Everlasting Dragons,NA,absent,Tier 00 · not on the scale,FALSE,ds1;ds3,game,1,0,1,0,https://citedfeats.com/dark-souls/#everlasting-dragons
dark-souls,Dark Souls & Demon’s Souls,the-old-one,The Old One,NA,absent,Tier 00 · not on the scale,FALSE,des,game,1,0,1,0,https://citedfeats.com/dark-souls/#the-old-one
digimon,Digimon,zeedmillenniummon,ZeedMillenniummon,1,past,Tier 01 · apex,TRUE,games,game,2,0,2,0,https://citedfeats.com/digimon/#zeedmillenniummon
digimon,Digimon,lucemon,Lucemon,2,past,Tier 01 · apex,TRUE,frontier;games,animation;game,2,1,1,0,https://citedfeats.com/digimon/#lucemon
digimon,Digimon,apocalymon,Apocalymon,3,past,Tier 01 · apex,TRUE,adventure,animation,2,2,0,0,https://citedfeats.com/digimon/#apocalymon
digimon,Digimon,ogudomon,Ogudomon,4,past,Tier 01 · apex,TRUE,games,game,2,1,1,0,https://citedfeats.com/digimon/#ogudomon
digimon,Digimon,alphamon,Alphamon,5,answer,Tier 02 · the greats,TRUE,games,film;game,2,1,1,0,https://citedfeats.com/digimon/#alphamon
digimon,Digimon,omnimon,Omnimon,6,answer,Tier 02 · the greats,TRUE,adventure,animation;film,2,1,1,0,https://citedfeats.com/digimon/#omnimon
digimon,Digimon,susanoomon,Susanoomon,7,answer,Tier 02 · the greats,TRUE,frontier,animation,1,1,0,0,https://citedfeats.com/digimon/#susanoomon
digimon,Digimon,fanglongmon,Fanglongmon,8,answer,Tier 02 · the greats,TRUE,games;tamers,animation;game,2,0,1,1,https://citedfeats.com/digimon/#fanglongmon
digimon,Digimon,imperialdramon-pm,Imperialdramon Paladin Mode,9,answer,Tier 02 · the greats,TRUE,adventure,animation;film,1,1,0,0,https://citedfeats.com/digimon/#imperialdramon-pm
digimon,Digimon,daemon,Daemon,10,answer,Tier 02 · the greats,TRUE,adventure,animation,2,1,1,0,https://citedfeats.com/digimon/#daemon
digimon,Digimon,diaboromon,Diaboromon,11,enormous,Tier 03 · everyone else you'd name,TRUE,adventure,film,1,1,0,0,https://citedfeats.com/digimon/#diaboromon
digimon,Digimon,piedmon,Piedmon,12,enormous,Tier 03 · everyone else you'd name,TRUE,adventure,animation,3,2,1,0,https://citedfeats.com/digimon/#piedmon
digimon,Digimon,beelzemon,Beelzemon,13,enormous,Tier 03 · everyone else you'd name,TRUE,tamers,animation,2,1,1,0,https://citedfeats.com/digimon/#beelzemon
digimon,Digimon,belphemon,Belphemon,14,enormous,Tier 03 · everyone else you'd name,TRUE,savers,animation,2,1,1,0,https://citedfeats.com/digimon/#belphemon
digimon,Digimon,malomyotismon,MaloMyotismon,15,enormous,Tier 03 · everyone else you'd name,TRUE,adventure,animation,2,2,0,0,https://citedfeats.com/digimon/#malomyotismon
digimon,Digimon,gallantmon-crimson,Gallantmon Crimson Mode,16,enormous,Tier 03 · everyone else you'd name,TRUE,tamers,animation,1,1,0,0,https://citedfeats.com/digimon/#gallantmon-crimson
digimon,Digimon,azulongmon,Azulongmon,17,enormous,Tier 03 · everyone else you'd name,TRUE,adventure;tamers,animation,2,1,1,0,https://citedfeats.com/digimon/#azulongmon
digimon,Digimon,yggdrasil,Yggdrasil,NA,system,Tier 00 · not on the scale,FALSE,savers;games,animation;film;game,2,2,0,0,https://citedfeats.com/digimon/#yggdrasil
digimon,Digimon,d-reaper,The D-Reaper,NA,system,Tier 00 · not on the scale,FALSE,tamers,animation,1,1,0,0,https://citedfeats.com/digimon/#d-reaper
digimon,Digimon,homeostasis,Homeostasis,NA,system,Tier 00 · not on the scale,FALSE,adventure,animation,1,1,0,0,https://citedfeats.com/digimon/#homeostasis
dnd,Dungeons & Dragons,asmodeus,Asmodeus,1,divine,Tier 01 · apex,TRUE,realms;planescape,game;novel,2,0,2,0,https://citedfeats.com/dnd/#asmodeus
dnd,Dungeons & Dragons,vecna,Vecna,2,divine,Tier 01 · apex,TRUE,greyhawk;realms,game,2,0,2,0,https://citedfeats.com/dnd/#vecna
dnd,Dungeons & Dragons,mystra,Mystra,3,divine,Tier 01 · apex,TRUE,realms,game;novel,2,1,1,0,https://citedfeats.com/dnd/#mystra
dnd,Dungeons & Dragons,tiamat,Tiamat,4,divine,Tier 01 · apex,TRUE,realms;greyhawk,game,2,0,2,0,https://citedfeats.com/dnd/#tiamat
dnd,Dungeons & Dragons,cyric,Cyric,5,divine,Tier 01 · apex,TRUE,realms,game;novel,2,0,2,0,https://citedfeats.com/dnd/#cyric
dnd,Dungeons & Dragons,bahamut,Bahamut,6,divine,Tier 01 · apex,TRUE,realms;greyhawk,game,2,0,2,0,https://citedfeats.com/dnd/#bahamut
dnd,Dungeons & Dragons,lolth,Lolth,7,divine,Tier 01 · apex,TRUE,realms;greyhawk,game;novel,1,0,1,0,https://citedfeats.com/dnd/#lolth
dnd,Dungeons & Dragons,bane,Bane,8,divine,Tier 01 · apex,TRUE,realms,game;novel,1,1,0,0,https://citedfeats.com/dnd/#bane
dnd,Dungeons & Dragons,shar,Shar,9,divine,Tier 01 · apex,TRUE,realms,game;novel,1,0,1,0,https://citedfeats.com/dnd/#shar
dnd,Dungeons & Dragons,karsus,Karsus,10,powers,Tier 02 · the greats,TRUE,realms,game;novel,3,1,2,0,https://citedfeats.com/dnd/#karsus
dnd,Dungeons & Dragons,orcus,Orcus,11,powers,Tier 02 · the greats,TRUE,greyhawk;planescape,game,1,0,1,0,https://citedfeats.com/dnd/#orcus
dnd,Dungeons & Dragons,demogorgon,Demogorgon,12,powers,Tier 02 · the greats,TRUE,greyhawk;planescape,game,1,0,1,0,https://citedfeats.com/dnd/#demogorgon
dnd,Dungeons & Dragons,grazzt,Graz'zt,13,powers,Tier 02 · the greats,TRUE,greyhawk;planescape,game,1,0,1,0,https://citedfeats.com/dnd/#grazzt
dnd,Dungeons & Dragons,szass-tam,Szass Tam,14,powers,Tier 02 · the greats,TRUE,realms,game;novel,1,0,1,0,https://citedfeats.com/dnd/#szass-tam
dnd,Dungeons & Dragons,iggwilv,Iggwilv,15,powers,Tier 02 · the greats,TRUE,greyhawk;realms,game,1,0,1,0,https://citedfeats.com/dnd/#iggwilv
dnd,Dungeons & Dragons,elminster,Elminster,16,powers,Tier 02 · the greats,TRUE,realms,game;novel,1,0,1,0,https://citedfeats.com/dnd/#elminster
dnd,Dungeons & Dragons,mordenkainen,Mordenkainen,17,powers,Tier 02 · the greats,TRUE,greyhawk;planescape,game,1,0,1,0,https://citedfeats.com/dnd/#mordenkainen
dnd,Dungeons & Dragons,acererak,Acererak,18,mortals,Tier 03 · everyone else you'd name,TRUE,greyhawk;realms,game,2,0,2,0,https://citedfeats.com/dnd/#acererak
dnd,Dungeons & Dragons,halaster,Halaster Blackcloak,19,mortals,Tier 03 · everyone else you'd name,TRUE,realms,game,1,0,1,0,https://citedfeats.com/dnd/#halaster
dnd,Dungeons & Dragons,strahd,Strahd von Zarovich,20,mortals,Tier 03 · everyone else you'd name,TRUE,ravenloft,game;novel,1,0,1,0,https://citedfeats.com/dnd/#strahd
dnd,Dungeons & Dragons,larloch,Larloch,21,mortals,Tier 03 · everyone else you'd name,TRUE,realms,game,1,0,1,0,https://citedfeats.com/dnd/#larloch
dnd,Dungeons & Dragons,manshoon,Manshoon,22,mortals,Tier 03 · everyone else you'd name,TRUE,realms,game;novel,1,0,1,0,https://citedfeats.com/dnd/#manshoon
dnd,Dungeons & Dragons,tarrasque,The Tarrasque,23,mortals,Tier 03 · everyone else you'd name,TRUE,realms;greyhawk,game,1,0,1,0,https://citedfeats.com/dnd/#tarrasque
dnd,Dungeons & Dragons,zariel,Zariel,24,mortals,Tier 03 · everyone else you'd name,TRUE,realms;planescape,game,1,0,1,0,https://citedfeats.com/dnd/#zariel
dnd,Dungeons & Dragons,yeenoghu,Yeenoghu,25,mortals,Tier 03 · everyone else you'd name,TRUE,greyhawk;planescape,game,1,0,1,0,https://citedfeats.com/dnd/#yeenoghu
dnd,Dungeons & Dragons,baphomet,Baphomet,26,mortals,Tier 03 · everyone else you'd name,TRUE,greyhawk;planescape,game,1,0,1,0,https://citedfeats.com/dnd/#baphomet
dnd,Dungeons & Dragons,kas,Kas the Bloody-Handed,27,mortals,Tier 03 · everyone else you'd name,TRUE,greyhawk,game,1,0,1,0,https://citedfeats.com/dnd/#kas
dnd,Dungeons & Dragons,lord-soth,Lord Soth,28,mortals,Tier 03 · everyone else you'd name,TRUE,ravenloft,game;novel,1,0,1,0,https://citedfeats.com/dnd/#lord-soth
dnd,Dungeons & Dragons,khelben,Khelben Arunsun,29,mortals,Tier 03 · everyone else you'd name,TRUE,realms,game;novel,1,0,1,0,https://citedfeats.com/dnd/#khelben
dnd,Dungeons & Dragons,the-simbul,The Simbul,30,mortals,Tier 03 · everyone else you'd name,TRUE,realms,game;novel,1,0,1,0,https://citedfeats.com/dnd/#the-simbul
dnd,Dungeons & Dragons,jarlaxle,Jarlaxle,31,mortals,Tier 03 · everyone else you'd name,TRUE,realms,novel;game,1,0,1,0,https://citedfeats.com/dnd/#jarlaxle
dnd,Dungeons & Dragons,drizzt,Drizzt Do'Urden,32,mortals,Tier 03 · everyone else you'd name,TRUE,realms,novel;game,1,1,0,0,https://citedfeats.com/dnd/#drizzt
dnd,Dungeons & Dragons,artemis-entreri,Artemis Entreri,33,mortals,Tier 03 · everyone else you'd name,TRUE,realms,novel;game,1,1,0,0,https://citedfeats.com/dnd/#artemis-entreri
dnd,Dungeons & Dragons,ao,Ao,NA,unstatted,Tier 00 · not on the scale,FALSE,realms,game;novel,2,1,1,0,https://citedfeats.com/dnd/#ao
dnd,Dungeons & Dragons,lady-of-pain,The Lady of Pain,NA,unstatted,Tier 00 · not on the scale,FALSE,planescape,game,1,0,1,0,https://citedfeats.com/dnd/#lady-of-pain
dnd,Dungeons & Dragons,tharizdun,Tharizdun,NA,unstatted,Tier 00 · not on the scale,FALSE,greyhawk,game,2,0,2,0,https://citedfeats.com/dnd/#tharizdun
dragon-ball,Dragon Ball,whis,Whis,1,apex,Tier 01 · apex,TRUE,manga;anime;films,comic;animation;film,3,2,1,0,https://citedfeats.com/dragon-ball/#whis
dragon-ball,Dragon Ball,black-frieza,Black Frieza,2,apex,Tier 01 · apex,TRUE,manga,comic,1,1,0,0,https://citedfeats.com/dragon-ball/#black-frieza
dragon-ball,Dragon Ball,beerus,Beerus,3,apex,Tier 01 · apex,TRUE,manga;anime;films,comic;animation;film,2,1,1,0,https://citedfeats.com/dragon-ball/#beerus
dragon-ball,Dragon Ball,gohan-beast,Gohan,4,apex,Tier 01 · apex,TRUE,manga;films,comic;film,2,2,0,0,https://citedfeats.com/dragon-ball/#gohan-beast
dragon-ball,Dragon Ball,son-goku,Son Goku,5,apex,Tier 01 · apex,TRUE,manga;anime;films;gt,comic;animation;film,2,2,0,0,https://citedfeats.com/dragon-ball/#son-goku
dragon-ball,Dragon Ball,vegeta,Vegeta,6,apex,Tier 01 · apex,TRUE,manga;anime;films,comic;animation;film,2,2,0,0,https://citedfeats.com/dragon-ball/#vegeta
dragon-ball,Dragon Ball,jiren,Jiren,7,apex,Tier 01 · apex,TRUE,manga;anime,comic;animation,2,1,1,0,https://citedfeats.com/dragon-ball/#jiren
dragon-ball,Dragon Ball,broly-2018,Broly,8,greats,Tier 02 · the greats,TRUE,films,film,1,1,0,0,https://citedfeats.com/dragon-ball/#broly-2018
dragon-ball,Dragon Ball,moro,Moro,9,greats,Tier 02 · the greats,TRUE,manga,comic,1,1,0,0,https://citedfeats.com/dragon-ball/#moro
dragon-ball,Dragon Ball,kid-buu,Kid Buu,10,greats,Tier 02 · the greats,TRUE,manga;anime,comic;animation,1,1,0,0,https://citedfeats.com/dragon-ball/#kid-buu
dragon-ball,Dragon Ball,cell,Cell,11,greats,Tier 02 · the greats,TRUE,manga;anime,comic;animation,1,1,0,0,https://citedfeats.com/dragon-ball/#cell
dragon-ball,Dragon Ball,gogeta,Gogeta,12,greats,Tier 02 · the greats,TRUE,films;gt,film;animation,1,1,0,0,https://citedfeats.com/dragon-ball/#gogeta
dragon-ball,Dragon Ball,vegito,Vegito,13,greats,Tier 02 · the greats,TRUE,manga;anime,comic;animation,1,1,0,0,https://citedfeats.com/dragon-ball/#vegito
dragon-ball,Dragon Ball,goku-ssj4,Son Goku,14,versioned,Tier 03 · where the version decides,TRUE,gt,animation,1,1,0,0,https://citedfeats.com/dragon-ball/#goku-ssj4
dragon-ball,Dragon Ball,granolah,Granolah,15,versioned,Tier 03 · where the version decides,TRUE,manga,comic,1,1,0,0,https://citedfeats.com/dragon-ball/#granolah
dragon-ball,Dragon Ball,android-17,Android 17,16,versioned,Tier 03 · where the version decides,TRUE,manga;anime,comic;animation,1,1,0,0,https://citedfeats.com/dragon-ball/#android-17
dragon-ball,Dragon Ball,piccolo,Piccolo,17,versioned,Tier 03 · where the version decides,TRUE,manga;anime;films,comic;animation;film,1,1,0,0,https://citedfeats.com/dragon-ball/#piccolo
dragon-ball,Dragon Ball,raditz,Raditz,18,versioned,Tier 03 · where the version decides,TRUE,manga;anime,comic;animation,2,2,0,0,https://citedfeats.com/dragon-ball/#raditz
dragon-ball,Dragon Ball,zeno,Zeno,NA,unshown,Tier 00 · not on the scale,FALSE,manga;anime,comic;animation,2,1,1,0,https://citedfeats.com/dragon-ball/#zeno
dragon-ball,Dragon Ball,grand-priest,The Grand Priest,NA,unshown,Tier 00 · not on the scale,FALSE,manga;anime,comic;animation,2,1,1,0,https://citedfeats.com/dragon-ball/#grand-priest
elden-ring,Elden Ring,marika,Queen Marika the Eternal,1,ring,Tier 01 · apex,TRUE,lands-between,game,2,1,1,0,https://citedfeats.com/elden-ring/#marika
elden-ring,Elden Ring,elden-beast,The Elden Beast,2,ring,Tier 01 · apex,TRUE,lands-between,game,1,1,0,0,https://citedfeats.com/elden-ring/#elden-beast
elden-ring,Elden Ring,placidusax,Dragonlord Placidusax,3,ring,Tier 01 · apex,TRUE,lands-between,game,1,0,1,0,https://citedfeats.com/elden-ring/#placidusax
elden-ring,Elden Ring,godfrey,"Godfrey, First Elden Lord",4,ring,Tier 01 · apex,TRUE,lands-between,game,1,1,0,0,https://citedfeats.com/elden-ring/#godfrey
elden-ring,Elden Ring,radahn,Starscourge Radahn,5,demigods,Tier 02 · the greats,TRUE,lands-between;shadow-realm,game,2,1,1,0,https://citedfeats.com/elden-ring/#radahn
elden-ring,Elden Ring,malenia,"Malenia, Blade of Miquella",6,demigods,Tier 02 · the greats,TRUE,lands-between,game,1,0,1,0,https://citedfeats.com/elden-ring/#malenia
elden-ring,Elden Ring,miquella,Miquella the Kind,7,demigods,Tier 02 · the greats,TRUE,lands-between;shadow-realm,game,2,1,1,0,https://citedfeats.com/elden-ring/#miquella
elden-ring,Elden Ring,messmer,Messmer the Impaler,8,demigods,Tier 02 · the greats,TRUE,shadow-realm,game,1,1,0,0,https://citedfeats.com/elden-ring/#messmer
elden-ring,Elden Ring,maliketh,"Maliketh, the Black Blade",9,demigods,Tier 02 · the greats,TRUE,lands-between,game,1,1,0,0,https://citedfeats.com/elden-ring/#maliketh
elden-ring,Elden Ring,morgott,"Morgott, the Omen King",10,demigods,Tier 02 · the greats,TRUE,lands-between,game,1,1,0,0,https://citedfeats.com/elden-ring/#morgott
elden-ring,Elden Ring,rykard,"Rykard, Lord of Blasphemy",11,demigods,Tier 02 · the greats,TRUE,lands-between,game,1,1,0,0,https://citedfeats.com/elden-ring/#rykard
elden-ring,Elden Ring,mohg,"Mohg, Lord of Blood",12,demigods,Tier 02 · the greats,TRUE,lands-between,game,1,1,0,0,https://citedfeats.com/elden-ring/#mohg
elden-ring,Elden Ring,rennala,"Rennala, Queen of the Full Moon",13,demigods,Tier 02 · the greats,TRUE,lands-between,game,1,1,0,0,https://citedfeats.com/elden-ring/#rennala
elden-ring,Elden Ring,ranni,Ranni the Witch,14,lesser,Tier 03 · everyone else you'd name,TRUE,lands-between,game,1,0,1,0,https://citedfeats.com/elden-ring/#ranni
elden-ring,Elden Ring,bayle,Bayle the Dread,15,lesser,Tier 03 · everyone else you'd name,TRUE,shadow-realm,game,1,0,1,0,https://citedfeats.com/elden-ring/#bayle
elden-ring,Elden Ring,fire-giant,The Fire Giant,16,lesser,Tier 03 · everyone else you'd name,TRUE,lands-between,game,1,1,0,0,https://citedfeats.com/elden-ring/#fire-giant
elden-ring,Elden Ring,godwyn,Godwyn the Golden,17,lesser,Tier 03 · everyone else you'd name,TRUE,lands-between,game,1,0,1,0,https://citedfeats.com/elden-ring/#godwyn
elden-ring,Elden Ring,godrick,Godrick the Grafted,18,lesser,Tier 03 · everyone else you'd name,TRUE,lands-between,game,1,1,0,0,https://citedfeats.com/elden-ring/#godrick
elden-ring,Elden Ring,melina,Melina,19,lesser,Tier 03 · everyone else you'd name,TRUE,lands-between,game,1,1,0,0,https://citedfeats.com/elden-ring/#melina
elden-ring,Elden Ring,astel,"Astel, Naturalborn of the Void",20,lesser,Tier 03 · everyone else you'd name,TRUE,lands-between,game,1,0,1,0,https://citedfeats.com/elden-ring/#astel
elden-ring,Elden Ring,gideon-ofnir,Gideon Ofnir,21,lesser,Tier 03 · everyone else you'd name,TRUE,lands-between,game,1,1,0,0,https://citedfeats.com/elden-ring/#gideon-ofnir
elden-ring,Elden Ring,fortissax,Lichdragon Fortissax,22,lesser,Tier 03 · everyone else you'd name,TRUE,lands-between,game,1,0,1,0,https://citedfeats.com/elden-ring/#fortissax
elden-ring,Elden Ring,metyr,"Metyr, Mother of Fingers",23,lesser,Tier 03 · everyone else you'd name,TRUE,shadow-realm,game,1,0,1,0,https://citedfeats.com/elden-ring/#metyr
elden-ring,Elden Ring,midra,"Midra, Lord of Frenzied Flame",24,lesser,Tier 03 · everyone else you'd name,TRUE,shadow-realm,game,1,1,0,0,https://citedfeats.com/elden-ring/#midra
elden-ring,Elden Ring,romina,"Romina, Saint of the Bud",25,lesser,Tier 03 · everyone else you'd name,TRUE,shadow-realm,game,1,1,0,0,https://citedfeats.com/elden-ring/#romina
elden-ring,Elden Ring,rellana,"Rellana, Twin Moon Knight",26,lesser,Tier 03 · everyone else you'd name,TRUE,shadow-realm,game,1,0,1,0,https://citedfeats.com/elden-ring/#rellana
elden-ring,Elden Ring,blaidd,Blaidd the Half-Wolf,27,lesser,Tier 03 · everyone else you'd name,TRUE,lands-between,game,1,1,0,0,https://citedfeats.com/elden-ring/#blaidd
elden-ring,Elden Ring,sellen,Sorceress Sellen,28,lesser,Tier 03 · everyone else you'd name,TRUE,lands-between,game,1,0,1,0,https://citedfeats.com/elden-ring/#sellen
elden-ring,Elden Ring,commander-niall,Commander Niall,29,lesser,Tier 03 · everyone else you'd name,TRUE,lands-between,game,1,1,0,0,https://citedfeats.com/elden-ring/#commander-niall
elden-ring,Elden Ring,loretta,"Loretta, Knight of the Haligtree",30,lesser,Tier 03 · everyone else you'd name,TRUE,lands-between,game,1,1,0,0,https://citedfeats.com/elden-ring/#loretta
elden-ring,Elden Ring,greater-will,The Greater Will,NA,outer,Tier 00 · not on the scale,FALSE,lands-between,game,1,0,1,0,https://citedfeats.com/elden-ring/#greater-will
elden-ring,Elden Ring,frenzied-flame,The Frenzied Flame,NA,outer,Tier 00 · not on the scale,FALSE,lands-between,game,1,1,0,0,https://citedfeats.com/elden-ring/#frenzied-flame
final-fantasy-villains,Final Fantasy,kefka-palazzo,Kefka Palazzo,1,unmade,Tier 01 · apex,TRUE,ff6,game,3,3,0,0,https://citedfeats.com/final-fantasy-villains/#kefka-palazzo
final-fantasy-villains,Final Fantasy,exdeath,Exdeath,2,unmade,Tier 01 · apex,TRUE,ff5,game,3,3,0,0,https://citedfeats.com/final-fantasy-villains/#exdeath
final-fantasy-villains,Final Fantasy,cloud-of-darkness,Cloud of Darkness,3,unmade,Tier 01 · apex,TRUE,ff3,game,2,2,0,0,https://citedfeats.com/final-fantasy-villains/#cloud-of-darkness
final-fantasy-villains,Final Fantasy,bhunivelze,Bhunivelze,4,unmade,Tier 01 · apex,TRUE,ff13,game,3,1,2,0,https://citedfeats.com/final-fantasy-villains/#bhunivelze
final-fantasy-villains,Final Fantasy,yu-yevon,Yu Yevon,5,rewrote,Tier 02 · the greats,TRUE,ff10,game,2,0,2,0,https://citedfeats.com/final-fantasy-villains/#yu-yevon
final-fantasy-villains,Final Fantasy,ultimecia,Ultimecia,6,rewrote,Tier 02 · the greats,TRUE,ff8,game,2,2,0,0,https://citedfeats.com/final-fantasy-villains/#ultimecia
final-fantasy-villains,Final Fantasy,sephiroth,Sephiroth,7,rewrote,Tier 02 · the greats,TRUE,ff7,game;film,3,3,0,0,https://citedfeats.com/final-fantasy-villains/#sephiroth
final-fantasy-villains,Final Fantasy,necron,Necron,8,rewrote,Tier 02 · the greats,TRUE,ff9,game,1,1,0,0,https://citedfeats.com/final-fantasy-villains/#necron
final-fantasy-villains,Final Fantasy,emperor-mateus,Emperor Mateus,9,rewrote,Tier 02 · the greats,TRUE,ff2,game,2,2,0,0,https://citedfeats.com/final-fantasy-villains/#emperor-mateus
final-fantasy-villains,Final Fantasy,zeromus,Zeromus,10,planetary,Tier 03 · planet-scale,TRUE,ff4,game,2,2,0,0,https://citedfeats.com/final-fantasy-villains/#zeromus
final-fantasy-villains,Final Fantasy,chaos-garland,Chaos,11,planetary,Tier 03 · planet-scale,TRUE,ff1,game,2,2,0,0,https://citedfeats.com/final-fantasy-villains/#chaos-garland
final-fantasy-villains,Final Fantasy,caius-ballad,Caius Ballad,12,planetary,Tier 03 · planet-scale,TRUE,ff13,game,2,0,2,0,https://citedfeats.com/final-fantasy-villains/#caius-ballad
final-fantasy-villains,Final Fantasy,ardyn-izunia,Ardyn Izunia,13,planetary,Tier 03 · planet-scale,TRUE,ff15,game,2,1,1,0,https://citedfeats.com/final-fantasy-villains/#ardyn-izunia
final-fantasy-villains,Final Fantasy,kuja,Kuja,14,formidable,Tier 04 · everyone else you'd name,TRUE,ff9,game,2,2,0,0,https://citedfeats.com/final-fantasy-villains/#kuja
final-fantasy-villains,Final Fantasy,vayne-solidor,Vayne Solidor,15,formidable,Tier 04 · everyone else you'd name,TRUE,ff12,game,2,1,1,0,https://citedfeats.com/final-fantasy-villains/#vayne-solidor
final-fantasy-villains,Final Fantasy,seymour-guado,Seymour Guado,16,formidable,Tier 04 · everyone else you'd name,TRUE,ff10,game,2,0,2,0,https://citedfeats.com/final-fantasy-villains/#seymour-guado
godzilla,Godzilla,godzilla-earth,Godzilla Earth,1,apex,Tier 01 · apex,TRUE,anime,animation,2,0,2,0,https://citedfeats.com/godzilla/#godzilla-earth
godzilla,Godzilla,shin-godzilla,Shin Godzilla,2,apex,Tier 01 · apex,TRUE,reiwa,film,2,2,0,0,https://citedfeats.com/godzilla/#shin-godzilla
godzilla,Godzilla,burning-godzilla,Burning Godzilla,3,apex,Tier 01 · apex,TRUE,heisei,film,2,2,0,0,https://citedfeats.com/godzilla/#burning-godzilla
godzilla,Godzilla,destoroyah,Destoroyah,4,greats,Tier 02 · the greats,TRUE,heisei,film,2,2,0,0,https://citedfeats.com/godzilla/#destoroyah
godzilla,Godzilla,king-ghidorah,King Ghidorah,5,greats,Tier 02 · the greats,TRUE,monsterverse;showa;heisei,film,2,2,0,0,https://citedfeats.com/godzilla/#king-ghidorah
godzilla,Godzilla,mechagodzilla,Mechagodzilla,6,greats,Tier 02 · the greats,TRUE,showa;heisei;millennium,film,1,1,0,0,https://citedfeats.com/godzilla/#mechagodzilla
godzilla,Godzilla,monsterverse-godzilla,Godzilla,7,greats,Tier 02 · the greats,TRUE,monsterverse,film,2,2,0,0,https://citedfeats.com/godzilla/#monsterverse-godzilla
godzilla,Godzilla,godzilla-minus-one,Godzilla,8,sized,Tier 03 · where the number stops helping,TRUE,reiwa,film,2,1,1,0,https://citedfeats.com/godzilla/#godzilla-minus-one
godzilla,Godzilla,godzilla-1954,Godzilla,9,sized,Tier 03 · where the number stops helping,TRUE,showa,film,2,1,1,0,https://citedfeats.com/godzilla/#godzilla-1954
godzilla,Godzilla,mothra,Mothra,10,sized,Tier 03 · where the number stops helping,TRUE,showa;heisei;monsterverse,film,1,1,0,0,https://citedfeats.com/godzilla/#mothra
godzilla,Godzilla,rodan,Rodan,11,sized,Tier 03 · where the number stops helping,TRUE,showa;heisei;monsterverse,film,1,1,0,0,https://citedfeats.com/godzilla/#rodan
godzilla,Godzilla,oxygen-destroyer,The Oxygen Destroyer,NA,unmeasured,Tier 00 · not on the scale,FALSE,showa,film,2,2,0,0,https://citedfeats.com/godzilla/#oxygen-destroyer
jujutsu-kaisen,Jujutsu Kaisen,ryomen-sukuna,Ryomen Sukuna,1,apex,Tier 01 · apex,TRUE,main,comic;animation,9,5,4,0,https://citedfeats.com/jujutsu-kaisen/#ryomen-sukuna
jujutsu-kaisen,Jujutsu Kaisen,satoru-gojo,Satoru Gojo,2,apex,Tier 01 · apex,TRUE,main;prequel,comic;animation;film,16,11,5,0,https://citedfeats.com/jujutsu-kaisen/#satoru-gojo
jujutsu-kaisen,Jujutsu Kaisen,kenjaku,Kenjaku,3,apex,Tier 01 · apex,TRUE,main,comic;animation,6,3,3,0,https://citedfeats.com/jujutsu-kaisen/#kenjaku
jujutsu-kaisen,Jujutsu Kaisen,yuta-okkotsu,Yuta Okkotsu,4,apex,Tier 01 · apex,TRUE,main;prequel,comic;film,8,6,2,0,https://citedfeats.com/jujutsu-kaisen/#yuta-okkotsu
jujutsu-kaisen,Jujutsu Kaisen,yuji-itadori,Yuji Itadori,5,apex,Tier 01 · apex,TRUE,main,comic;animation,7,3,4,0,https://citedfeats.com/jujutsu-kaisen/#yuji-itadori
jujutsu-kaisen,Jujutsu Kaisen,hajime-kashimo,Hajime Kashimo,6,apex,Tier 01 · apex,TRUE,main,comic,7,4,3,0,https://citedfeats.com/jujutsu-kaisen/#hajime-kashimo
jujutsu-kaisen,Jujutsu Kaisen,suguru-geto,Suguru Geto,7,declared,Tier 02 · the stated ruleset,TRUE,main;prequel,comic;animation;film,7,3,4,0,https://citedfeats.com/jujutsu-kaisen/#suguru-geto
jujutsu-kaisen,Jujutsu Kaisen,kinji-hakari,Kinji Hakari,8,declared,Tier 02 · the stated ruleset,TRUE,main,comic,8,3,5,0,https://citedfeats.com/jujutsu-kaisen/#kinji-hakari
jujutsu-kaisen,Jujutsu Kaisen,hiromi-higuruma,Hiromi Higuruma,9,declared,Tier 02 · the stated ruleset,TRUE,main,comic,7,3,4,0,https://citedfeats.com/jujutsu-kaisen/#hiromi-higuruma
jujutsu-kaisen,Jujutsu Kaisen,mahito,Mahito,10,declared,Tier 02 · the stated ruleset,TRUE,main,comic;animation,10,8,2,0,https://citedfeats.com/jujutsu-kaisen/#mahito
jujutsu-kaisen,Jujutsu Kaisen,dagon,Dagon,11,declared,Tier 02 · the stated ruleset,TRUE,main,comic;animation,4,4,0,0,https://citedfeats.com/jujutsu-kaisen/#dagon
jujutsu-kaisen,Jujutsu Kaisen,jogo,Jogo,12,declared,Tier 02 · the stated ruleset,TRUE,main,comic;animation,5,4,1,0,https://citedfeats.com/jujutsu-kaisen/#jogo
jujutsu-kaisen,Jujutsu Kaisen,megumi-fushiguro,Megumi Fushiguro,13,declared,Tier 02 · the stated ruleset,TRUE,main,comic;animation,6,3,3,0,https://citedfeats.com/jujutsu-kaisen/#megumi-fushiguro
jujutsu-kaisen,Jujutsu Kaisen,toji-fushiguro,Toji Fushiguro,14,restriction,Tier 03 · the birth contract,TRUE,main,comic;animation,14,5,9,0,https://citedfeats.com/jujutsu-kaisen/#toji-fushiguro
jujutsu-kaisen,Jujutsu Kaisen,maki-zenin,Maki Zenin,15,restriction,Tier 03 · the birth contract,TRUE,main;prequel,comic;animation;film,7,3,3,1,https://citedfeats.com/jujutsu-kaisen/#maki-zenin
jujutsu-kaisen,Jujutsu Kaisen,kokichi-muta,Kokichi Muta,16,restriction,Tier 03 · the birth contract,TRUE,main,comic;animation,10,4,6,0,https://citedfeats.com/jujutsu-kaisen/#kokichi-muta
jujutsu-kaisen,Jujutsu Kaisen,kento-nanami,Kento Nanami,17,smallprint,Tier 04 · narrow conditions,TRUE,main,comic;animation,6,2,4,0,https://citedfeats.com/jujutsu-kaisen/#kento-nanami
jujutsu-kaisen,Jujutsu Kaisen,aoi-todo,Aoi Todo,18,smallprint,Tier 04 · narrow conditions,TRUE,main,comic;animation,6,5,1,0,https://citedfeats.com/jujutsu-kaisen/#aoi-todo
jujutsu-kaisen,Jujutsu Kaisen,mei-mei,Mei Mei,19,smallprint,Tier 04 · narrow conditions,TRUE,main,comic;animation,5,2,3,0,https://citedfeats.com/jujutsu-kaisen/#mei-mei
jujutsu-kaisen,Jujutsu Kaisen,toge-inumaki,Toge Inumaki,20,smallprint,Tier 04 · narrow conditions,TRUE,main;prequel,comic;animation;film,7,3,4,0,https://citedfeats.com/jujutsu-kaisen/#toge-inumaki
jujutsu-kaisen,Jujutsu Kaisen,choso,Choso,21,smallprint,Tier 04 · narrow conditions,TRUE,main,comic;animation,5,3,2,0,https://citedfeats.com/jujutsu-kaisen/#choso
jujutsu-kaisen,Jujutsu Kaisen,uraume,Uraume,22,smallprint,Tier 04 · narrow conditions,TRUE,main,comic;animation,4,2,2,0,https://citedfeats.com/jujutsu-kaisen/#uraume
jujutsu-kaisen,Jujutsu Kaisen,hanami,Hanami,23,smallprint,Tier 04 · narrow conditions,TRUE,main,comic;animation,5,4,1,0,https://citedfeats.com/jujutsu-kaisen/#hanami
jujutsu-kaisen,Jujutsu Kaisen,naoya-zenin,Naoya Zenin,24,smallprint,Tier 04 · narrow conditions,TRUE,main,comic;animation,5,3,2,0,https://citedfeats.com/jujutsu-kaisen/#naoya-zenin
jujutsu-kaisen,Jujutsu Kaisen,yuki-tsukumo,Yuki Tsukumo,25,smallprint,Tier 04 · narrow conditions,TRUE,main,comic,3,1,2,0,https://citedfeats.com/jujutsu-kaisen/#yuki-tsukumo
jujutsu-kaisen,Jujutsu Kaisen,nobara-kugisaki,Nobara Kugisaki,26,smallprint,Tier 04 · narrow conditions,TRUE,main,comic;animation,5,4,1,0,https://citedfeats.com/jujutsu-kaisen/#nobara-kugisaki
jujutsu-kaisen,Jujutsu Kaisen,hana-kurusu,Hana Kurusu,27,smallprint,Tier 04 · narrow conditions,TRUE,main,comic,3,1,2,0,https://citedfeats.com/jujutsu-kaisen/#hana-kurusu
jujutsu-kaisen,Jujutsu Kaisen,reggie-star,Reggie Star,28,smallprint,Tier 04 · narrow conditions,TRUE,main,comic,3,2,1,0,https://citedfeats.com/jujutsu-kaisen/#reggie-star
jujutsu-kaisen,Jujutsu Kaisen,panda,Panda,29,smallprint,Tier 04 · narrow conditions,TRUE,main;prequel,comic;animation;film,4,2,2,0,https://citedfeats.com/jujutsu-kaisen/#panda
jujutsu-kaisen,Jujutsu Kaisen,naobito-zenin,Naobito Zenin,30,smallprint,Tier 04 · narrow conditions,TRUE,main,comic;animation,4,2,2,0,https://citedfeats.com/jujutsu-kaisen/#naobito-zenin
jujutsu-kaisen,Jujutsu Kaisen,atsuya-kusakabe,Atsuya Kusakabe,31,smallprint,Tier 04 · narrow conditions,TRUE,main,comic;animation,3,1,2,0,https://citedfeats.com/jujutsu-kaisen/#atsuya-kusakabe
jujutsu-kaisen,Jujutsu Kaisen,noritoshi-kamo,Noritoshi Kamo,32,smallprint,Tier 04 · narrow conditions,TRUE,main,comic;animation,2,1,1,0,https://citedfeats.com/jujutsu-kaisen/#noritoshi-kamo
jujutsu-kaisen,Jujutsu Kaisen,yoshinobu-gakuganji,Yoshinobu Gakuganji,33,smallprint,Tier 04 · narrow conditions,TRUE,main,comic;animation,5,1,4,0,https://citedfeats.com/jujutsu-kaisen/#yoshinobu-gakuganji
jujutsu-kaisen,Jujutsu Kaisen,miguel-oduol,Miguel,34,smallprint,Tier 04 · narrow conditions,TRUE,main;prequel,comic;film,3,1,2,0,https://citedfeats.com/jujutsu-kaisen/#miguel-oduol
jujutsu-kaisen,Jujutsu Kaisen,kasumi-miwa,Kasumi Miwa,35,smallprint,Tier 04 · narrow conditions,TRUE,main,comic;animation,3,2,1,0,https://citedfeats.com/jujutsu-kaisen/#kasumi-miwa
jujutsu-kaisen,Jujutsu Kaisen,tengen,Master Tengen,NA,unsigned,Tier 00 · off the scale,FALSE,main,comic;animation,6,0,6,0,https://citedfeats.com/jujutsu-kaisen/#tengen
jujutsu-kaisen,Jujutsu Kaisen,riko-amanai,Riko Amanai,NA,unsigned,Tier 00 · off the scale,FALSE,main,comic;animation,4,1,3,0,https://citedfeats.com/jujutsu-kaisen/#riko-amanai
jujutsu-kaisen,Jujutsu Kaisen,higher-ups,The jujutsu higher-ups,NA,unsigned,Tier 00 · off the scale,FALSE,main;prequel,comic;animation;film,4,0,4,0,https://citedfeats.com/jujutsu-kaisen/#higher-ups
marvel,Marvel,the-beyonders,The Beyonders,1,ended,Tier 01 · apex,TRUE,comics,comic,2,1,1,0,https://citedfeats.com/marvel/#the-beyonders
marvel,Marvel,molecule-man,Molecule Man,2,ended,Tier 01 · apex,TRUE,comics,comic,2,1,1,0,https://citedfeats.com/marvel/#molecule-man
marvel,Marvel,thanos,Thanos,3,ended,Tier 01 · apex,TRUE,comics;mcu,comic;film,3,3,0,0,https://citedfeats.com/marvel/#thanos
marvel,Marvel,doctor-doom,Doctor Doom,4,ended,Tier 01 · apex,TRUE,comics,comic,2,1,1,0,https://citedfeats.com/marvel/#doctor-doom
marvel,Marvel,franklin-richards,Franklin Richards,5,ended,Tier 01 · apex,TRUE,comics,comic,2,1,1,0,https://citedfeats.com/marvel/#franklin-richards
marvel,Marvel,scarlet-witch,Scarlet Witch,6,ended,Tier 01 · apex,TRUE,comics;mcu,comic;film,3,2,1,0,https://citedfeats.com/marvel/#scarlet-witch
marvel,Marvel,hulk,Hulk,7,ended,Tier 01 · apex,TRUE,comics;mcu,comic;film,4,4,0,0,https://citedfeats.com/marvel/#hulk
marvel,Marvel,jean-grey,Jean Grey,8,rewrote,Tier 02 · the greats,TRUE,comics,comic,2,2,0,0,https://citedfeats.com/marvel/#jean-grey
marvel,Marvel,knull,Knull,9,rewrote,Tier 02 · the greats,TRUE,comics,comic,2,2,0,0,https://citedfeats.com/marvel/#knull
marvel,Marvel,galactus,Galactus,10,rewrote,Tier 02 · the greats,TRUE,comics,comic,2,0,2,0,https://citedfeats.com/marvel/#galactus
marvel,Marvel,onslaught,Onslaught,11,rewrote,Tier 02 · the greats,TRUE,comics,comic,2,2,0,0,https://citedfeats.com/marvel/#onslaught
marvel,Marvel,mad-jim-jaspers,Mad Jim Jaspers,12,rewrote,Tier 02 · the greats,TRUE,comics,comic,2,2,0,0,https://citedfeats.com/marvel/#mad-jim-jaspers
marvel,Marvel,korvac,Michael Korvac,13,rewrote,Tier 02 · the greats,TRUE,comics,comic,2,1,1,0,https://citedfeats.com/marvel/#korvac
marvel,Marvel,chaos-king,Chaos King,14,rewrote,Tier 02 · the greats,TRUE,comics,comic,2,1,1,0,https://citedfeats.com/marvel/#chaos-king
marvel,Marvel,thor,Thor,15,enormous,Tier 03 · everyone else you'd name,TRUE,comics;mcu,comic;film,2,2,0,0,https://citedfeats.com/marvel/#thor
marvel,Marvel,silver-surfer,Silver Surfer,16,enormous,Tier 03 · everyone else you'd name,TRUE,comics,comic,2,1,1,0,https://citedfeats.com/marvel/#silver-surfer
marvel,Marvel,iron-man,Iron Man,17,enormous,Tier 03 · everyone else you'd name,TRUE,comics;mcu,comic;film,3,3,0,0,https://citedfeats.com/marvel/#iron-man
marvel,Marvel,the-sentry,The Sentry,18,enormous,Tier 03 · everyone else you'd name,TRUE,comics,comic,2,1,1,0,https://citedfeats.com/marvel/#the-sentry
marvel,Marvel,magneto,Magneto,19,enormous,Tier 03 · everyone else you'd name,TRUE,comics,comic,2,2,0,0,https://citedfeats.com/marvel/#magneto
marvel,Marvel,deadpool,Deadpool,20,enormous,Tier 03 · everyone else you'd name,TRUE,comics,comic,2,1,1,0,https://citedfeats.com/marvel/#deadpool
marvel,Marvel,the-one-above-all,The One Above All,NA,abstract,Tier 00 · not on the scale,FALSE,comics,comic,2,1,1,0,https://citedfeats.com/marvel/#the-one-above-all
marvel,Marvel,the-one-below-all,The One Below All,NA,abstract,Tier 00 · not on the scale,FALSE,comics,comic,3,2,1,0,https://citedfeats.com/marvel/#the-one-below-all
marvel,Marvel,the-living-tribunal,The Living Tribunal,NA,abstract,Tier 00 · not on the scale,FALSE,comics,comic,2,1,1,0,https://citedfeats.com/marvel/#the-living-tribunal
marvel,Marvel,eternity,Eternity,NA,abstract,Tier 00 · not on the scale,FALSE,comics,comic,2,1,1,0,https://citedfeats.com/marvel/#eternity
monster-hunter,Monster Hunter,safi-jiiva,Safi'jiiva,1,reshapes,Tier 01 · shown changing a place,TRUE,world,game,3,2,1,0,https://citedfeats.com/monster-hunter/#safi-jiiva
monster-hunter,Monster Hunter,shara-ishvalda,Shara Ishvalda,2,reshapes,Tier 01 · shown changing a place,TRUE,world,game,3,2,1,0,https://citedfeats.com/monster-hunter/#shara-ishvalda
monster-hunter,Monster Hunter,xeno-jiiva,Xeno'jiiva,3,reshapes,Tier 01 · shown changing a place,TRUE,world,game,3,1,2,0,https://citedfeats.com/monster-hunter/#xeno-jiiva
monster-hunter,Monster Hunter,alatreon,Alatreon,4,reshapes,Tier 01 · shown changing a place,TRUE,world,game,3,1,2,0,https://citedfeats.com/monster-hunter/#alatreon
monster-hunter,Monster Hunter,rajang,Rajang,5,beats,Tier 02 · shown beating other monsters,TRUE,world,game,3,2,1,0,https://citedfeats.com/monster-hunter/#rajang
monster-hunter,Monster Hunter,deviljho,Deviljho,6,beats,Tier 02 · shown beating other monsters,TRUE,world,game,3,2,1,0,https://citedfeats.com/monster-hunter/#deviljho
monster-hunter,Monster Hunter,vaal-hazak,Vaal Hazak,7,beats,Tier 02 · shown beating other monsters,TRUE,world,game,3,2,1,0,https://citedfeats.com/monster-hunter/#vaal-hazak
monster-hunter,Monster Hunter,black-diablos,Black Diablos,8,beats,Tier 02 · shown beating other monsters,TRUE,world,game,3,2,1,0,https://citedfeats.com/monster-hunter/#black-diablos
monster-hunter,Monster Hunter,odogaron,Odogaron,9,beats,Tier 02 · shown beating other monsters,TRUE,world,game,3,2,1,0,https://citedfeats.com/monster-hunter/#odogaron
monster-hunter,Monster Hunter,nergigante,Nergigante,10,filed,Tier 03 · the Guild's top bracket,TRUE,world,game,3,2,1,0,https://citedfeats.com/monster-hunter/#nergigante
monster-hunter,Monster Hunter,teostra,Teostra,11,filed,Tier 03 · the Guild's top bracket,TRUE,world,game,3,2,1,0,https://citedfeats.com/monster-hunter/#teostra
monster-hunter,Monster Hunter,kushala-daora,Kushala Daora,12,filed,Tier 03 · the Guild's top bracket,TRUE,world,game,3,2,1,0,https://citedfeats.com/monster-hunter/#kushala-daora
monster-hunter,Monster Hunter,lunastra,Lunastra,13,filed,Tier 03 · the Guild's top bracket,TRUE,world,game,3,2,1,0,https://citedfeats.com/monster-hunter/#lunastra
monster-hunter,Monster Hunter,fatalis,Fatalis,14,filed,Tier 03 · the Guild's top bracket,TRUE,world,game,3,1,2,0,https://citedfeats.com/monster-hunter/#fatalis
monster-hunter,Monster Hunter,velkhana,Velkhana,15,filed,Tier 03 · the Guild's top bracket,TRUE,world,game,2,1,1,0,https://citedfeats.com/monster-hunter/#velkhana
monster-hunter,Monster Hunter,kirin,Kirin,16,filed,Tier 03 · the Guild's top bracket,TRUE,world,game,4,2,2,0,https://citedfeats.com/monster-hunter/#kirin
monster-hunter,Monster Hunter,zorah-magdaros,Zorah Magdaros,NA,unmeasured,Tier 00 · off the scale,FALSE,world,game,3,1,2,0,https://citedfeats.com/monster-hunter/#zorah-magdaros
monster-hunter,Monster Hunter,dalamadur,Dalamadur,NA,unmeasured,Tier 00 · off the scale,FALSE,legacy,game,3,1,2,0,https://citedfeats.com/monster-hunter/#dalamadur
naruto,Naruto,isshiki-otsutsuki,Isshiki Otsutsuki,1,unscored,Tier 01 · apex,TRUE,boruto,comic;animation,2,2,0,0,https://citedfeats.com/naruto/#isshiki-otsutsuki
naruto,Naruto,kaguya-otsutsuki,Kaguya Otsutsuki,2,unscored,Tier 01 · apex,TRUE,shippuden,comic;animation,2,2,0,0,https://citedfeats.com/naruto/#kaguya-otsutsuki
naruto,Naruto,momoshiki-otsutsuki,Momoshiki Otsutsuki,3,unscored,Tier 01 · apex,TRUE,boruto,comic;animation;film,1,1,0,0,https://citedfeats.com/naruto/#momoshiki-otsutsuki
naruto,Naruto,madara-uchiha,Madara Uchiha,4,unscored,Tier 01 · apex,TRUE,shippuden,comic;animation,2,2,0,0,https://citedfeats.com/naruto/#madara-uchiha
naruto,Naruto,naruto-uzumaki,Naruto Uzumaki,5,unscored,Tier 01 · apex,TRUE,classic;shippuden;boruto,comic;animation;film,3,2,1,0,https://citedfeats.com/naruto/#naruto-uzumaki
naruto,Naruto,sasuke-uchiha,Sasuke Uchiha,6,unscored,Tier 01 · apex,TRUE,classic;shippuden;boruto,comic;animation;film,2,2,0,0,https://citedfeats.com/naruto/#sasuke-uchiha
naruto,Naruto,obito-uchiha,Obito Uchiha,7,unscored,Tier 01 · apex,TRUE,shippuden,comic;animation,2,2,0,0,https://citedfeats.com/naruto/#obito-uchiha
naruto,Naruto,itachi-uchiha,Itachi Uchiha,8,scored,Tier 02 · the greats,TRUE,classic;shippuden,comic;animation,2,1,1,0,https://citedfeats.com/naruto/#itachi-uchiha
naruto,Naruto,jiraiya,Jiraiya,9,scored,Tier 02 · the greats,TRUE,classic;shippuden,comic;animation,2,1,1,0,https://citedfeats.com/naruto/#jiraiya
naruto,Naruto,orochimaru,Orochimaru,10,scored,Tier 02 · the greats,TRUE,classic;shippuden,comic;animation,2,1,1,0,https://citedfeats.com/naruto/#orochimaru
naruto,Naruto,tsunade-senju,Tsunade Senju,11,scored,Tier 02 · the greats,TRUE,classic;shippuden,comic;animation,2,1,1,0,https://citedfeats.com/naruto/#tsunade-senju
naruto,Naruto,minato-namikaze,Minato Namikaze,12,scored,Tier 02 · the greats,TRUE,classic;shippuden,comic;animation,1,1,0,0,https://citedfeats.com/naruto/#minato-namikaze
naruto,Naruto,hashirama-senju,Hashirama Senju,13,scored,Tier 02 · the greats,TRUE,shippuden,comic;animation,2,1,1,0,https://citedfeats.com/naruto/#hashirama-senju
naruto,Naruto,kakashi-hatake,Kakashi Hatake,14,parted,Tier 03 · where the grade and the record part,TRUE,classic;shippuden,comic;animation,2,1,1,0,https://citedfeats.com/naruto/#kakashi-hatake
naruto,Naruto,gaara,Gaara,15,parted,Tier 03 · where the grade and the record part,TRUE,classic;shippuden,comic;animation,2,2,0,0,https://citedfeats.com/naruto/#gaara
naruto,Naruto,sakura-haruno,Sakura Haruno,16,parted,Tier 03 · where the grade and the record part,TRUE,classic;shippuden,comic;animation,2,2,0,0,https://citedfeats.com/naruto/#sakura-haruno
naruto,Naruto,rock-lee,Rock Lee,17,parted,Tier 03 · where the grade and the record part,TRUE,classic;shippuden,comic;animation,1,1,0,0,https://citedfeats.com/naruto/#rock-lee
naruto,Naruto,hagoromo-otsutsuki,Hagoromo Otsutsuki,NA,ungraded,Tier 00 · not on the scale,FALSE,shippuden,comic;animation,2,1,1,0,https://citedfeats.com/naruto/#hagoromo-otsutsuki
one-piece,One Piece,gol-d-roger,Gol D. Roger,1,apex,Tier 01 · apex,TRUE,roger-era,comic;animation,2,1,1,0,https://citedfeats.com/one-piece/#gol-d-roger
one-piece,One Piece,edward-newgate,Edward Newgate,2,apex,Tier 01 · apex,TRUE,roger-era;present,comic;animation,2,1,1,0,https://citedfeats.com/one-piece/#edward-newgate
one-piece,One Piece,kaido,Kaido,3,apex,Tier 01 · apex,TRUE,roger-era;present,comic;animation,2,1,1,0,https://citedfeats.com/one-piece/#kaido
one-piece,One Piece,shanks,Shanks,4,apex,Tier 01 · apex,TRUE,roger-era;present,comic;animation,3,2,1,0,https://citedfeats.com/one-piece/#shanks
one-piece,One Piece,charlotte-linlin,Charlotte Linlin,5,apex,Tier 01 · apex,TRUE,roger-era;present,comic;animation,2,1,1,0,https://citedfeats.com/one-piece/#charlotte-linlin
one-piece,One Piece,marshall-d-teach,Marshall D. Teach,6,apex,Tier 01 · apex,TRUE,present,comic;animation,3,2,1,0,https://citedfeats.com/one-piece/#marshall-d-teach
one-piece,One Piece,monkey-d-garp,Monkey D. Garp,7,apex,Tier 01 · apex,TRUE,roger-era;present,comic;animation,3,3,0,0,https://citedfeats.com/one-piece/#monkey-d-garp
one-piece,One Piece,dracule-mihawk,Dracule Mihawk,8,greats,Tier 02 · the greats,TRUE,present,comic;animation,3,1,2,0,https://citedfeats.com/one-piece/#dracule-mihawk
one-piece,One Piece,sakazuki,Sakazuki,9,greats,Tier 02 · the greats,TRUE,present,comic;animation,2,2,0,0,https://citedfeats.com/one-piece/#sakazuki
one-piece,One Piece,monkey-d-luffy,Monkey D. Luffy,10,greats,Tier 02 · the greats,TRUE,present,comic;animation;film,2,1,1,0,https://citedfeats.com/one-piece/#monkey-d-luffy
one-piece,One Piece,kuzan,Kuzan,11,greats,Tier 02 · the greats,TRUE,present,comic;animation,2,2,0,0,https://citedfeats.com/one-piece/#kuzan
one-piece,One Piece,sengoku,Sengoku,12,greats,Tier 02 · the greats,TRUE,roger-era;present,comic;animation,1,1,0,0,https://citedfeats.com/one-piece/#sengoku
one-piece,One Piece,trafalgar-law,Trafalgar Law,13,greats,Tier 02 · the greats,TRUE,present,comic;animation,2,1,1,0,https://citedfeats.com/one-piece/#trafalgar-law
one-piece,One Piece,eustass-kid,Eustass Kid,14,greats,Tier 02 · the greats,TRUE,present,comic;animation,2,1,1,0,https://citedfeats.com/one-piece/#eustass-kid
one-piece,One Piece,buggy,Buggy,15,mispriced,Tier 03 · where the number breaks,TRUE,roger-era;present,comic;animation,3,2,1,0,https://citedfeats.com/one-piece/#buggy
one-piece,One Piece,sir-crocodile,Sir Crocodile,16,mispriced,Tier 03 · where the number breaks,TRUE,present,comic;animation,2,2,0,0,https://citedfeats.com/one-piece/#sir-crocodile
one-piece,One Piece,boa-hancock,Boa Hancock,17,mispriced,Tier 03 · where the number breaks,TRUE,present,comic;animation,2,2,0,0,https://citedfeats.com/one-piece/#boa-hancock
one-piece,One Piece,marco,Marco,18,mispriced,Tier 03 · where the number breaks,TRUE,present,comic;animation,2,2,0,0,https://citedfeats.com/one-piece/#marco
one-piece,One Piece,im,Im,NA,unpriced,Tier 00 · not on the scale,FALSE,present,comic;animation,2,2,0,0,https://citedfeats.com/one-piece/#im
one-punch-man,One Punch Man,saitama,Saitama,1,apex,Tier 01 · apex,TRUE,webcomic;manga,comic,11,5,6,0,https://citedfeats.com/one-punch-man/#saitama
one-punch-man,One Punch Man,garou,Garou,2,apex,Tier 01 · apex,TRUE,webcomic;manga,comic,10,6,4,0,https://citedfeats.com/one-punch-man/#garou
one-punch-man,One Punch Man,boros,Lord Boros,3,apex,Tier 01 · apex,TRUE,webcomic;manga,comic,7,6,1,0,https://citedfeats.com/one-punch-man/#boros
one-punch-man,One Punch Man,blast,Blast,4,field,Tier 02 · what the Association fielded,TRUE,manga,comic,8,3,5,0,https://citedfeats.com/one-punch-man/#blast
one-punch-man,One Punch Man,tatsumaki,Tatsumaki,5,field,Tier 02 · what the Association fielded,TRUE,webcomic;manga,comic,8,8,0,0,https://citedfeats.com/one-punch-man/#tatsumaki
one-punch-man,One Punch Man,bang,Bang,6,field,Tier 02 · what the Association fielded,TRUE,webcomic;manga,comic,8,5,3,0,https://citedfeats.com/one-punch-man/#bang
one-punch-man,One Punch Man,watchdog-man,Watchdog Man,7,field,Tier 02 · what the Association fielded,TRUE,webcomic;manga,comic,6,3,3,0,https://citedfeats.com/one-punch-man/#watchdog-man
one-punch-man,One Punch Man,genos,Genos,8,field,Tier 02 · what the Association fielded,TRUE,webcomic;manga,comic,10,5,5,0,https://citedfeats.com/one-punch-man/#genos
one-punch-man,One Punch Man,orochi,Monster King Orochi,9,monsters,Tier 03 · the disaster scale,TRUE,manga,comic,8,4,4,0,https://citedfeats.com/one-punch-man/#orochi
one-punch-man,One Punch Man,gouketsu,Gouketsu,10,monsters,Tier 03 · the disaster scale,TRUE,manga,comic,7,4,3,0,https://citedfeats.com/one-punch-man/#gouketsu
one-punch-man,One Punch Man,deep-sea-king,Deep Sea King,11,monsters,Tier 03 · the disaster scale,TRUE,webcomic;manga,comic,8,7,1,0,https://citedfeats.com/one-punch-man/#deep-sea-king
one-punch-man,One Punch Man,carnage-kabuto,Carnage Kabuto,12,monsters,Tier 03 · the disaster scale,TRUE,webcomic;manga,comic,7,6,1,0,https://citedfeats.com/one-punch-man/#carnage-kabuto
one-punch-man,One Punch Man,fubuki,Fubuki,13,chosen,Tier 04 · the number as a decision,TRUE,manga,comic,7,3,4,0,https://citedfeats.com/one-punch-man/#fubuki
one-punch-man,One Punch Man,mumen-rider,Mumen Rider,14,chosen,Tier 04 · the number as a decision,TRUE,webcomic;manga,comic,7,4,3,0,https://citedfeats.com/one-punch-man/#mumen-rider
one-punch-man,One Punch Man,king,King,15,chosen,Tier 04 · the number as a decision,TRUE,webcomic;manga,comic,7,3,4,0,https://citedfeats.com/one-punch-man/#king
one-punch-man,One Punch Man,god,God,NA,unshown,Tier 00 · off the scale,FALSE,manga,comic,8,4,4,0,https://citedfeats.com/one-punch-man/#god
overlord,Overlord,ainz-ooal-gown,Ainz Ooal Gown,1,apex,Tier 01 · a hundred against a hundred,TRUE,ln,novel;animation,8,7,1,0,https://citedfeats.com/overlord/#ainz-ooal-gown
overlord,Overlord,shalltear-bloodfallen,Shalltear Bloodfallen,2,apex,Tier 01 · a hundred against a hundred,TRUE,ln,novel;animation,6,3,3,0,https://citedfeats.com/overlord/#shalltear-bloodfallen
overlord,Overlord,mare-bello-fiore,Mare Bello Fiore,3,guardians,"Tier 02 · a hundred, against less",TRUE,ln,novel;animation,4,4,0,0,https://citedfeats.com/overlord/#mare-bello-fiore
overlord,Overlord,albedo,Albedo,4,guardians,"Tier 02 · a hundred, against less",TRUE,ln,novel;animation,5,4,1,0,https://citedfeats.com/overlord/#albedo
overlord,Overlord,cocytus,Cocytus,5,guardians,"Tier 02 · a hundred, against less",TRUE,ln,novel;animation,4,4,0,0,https://citedfeats.com/overlord/#cocytus
overlord,Overlord,demiurge,Demiurge,6,guardians,"Tier 02 · a hundred, against less",TRUE,ln,novel;animation,4,2,2,0,https://citedfeats.com/overlord/#demiurge
overlord,Overlord,sebas-tian,Sebas Tian,7,guardians,"Tier 02 · a hundred, against less",TRUE,ln,novel;animation,4,3,1,0,https://citedfeats.com/overlord/#sebas-tian
overlord,Overlord,pandoras-actor,Pandora's Actor,8,guardians,"Tier 02 · a hundred, against less",TRUE,ln,novel;animation,5,1,4,0,https://citedfeats.com/overlord/#pandoras-actor
overlord,Overlord,aura-bella-fiora,Aura Bella Fiora,9,guardians,"Tier 02 · a hundred, against less",TRUE,ln,novel;animation,4,3,1,0,https://citedfeats.com/overlord/#aura-bella-fiora
overlord,Overlord,antilene-heran-fouche,Antilene Heran Fouche,10,natives,Tier 03 · the top of the New World,TRUE,ln,novel,4,3,1,0,https://citedfeats.com/overlord/#antilene-heran-fouche
overlord,Overlord,decem-hougan,Decem Hougan,11,natives,Tier 03 · the top of the New World,TRUE,ln,novel,5,3,2,0,https://citedfeats.com/overlord/#decem-hougan
overlord,Overlord,narberal-gamma,Narberal Gamma,12,under,Tier 04 · under the ceiling,TRUE,ln,novel;animation,3,2,1,0,https://citedfeats.com/overlord/#narberal-gamma
overlord,Overlord,entoma-vasilissa-zeta,Entoma Vasilissa Zeta,13,under,Tier 04 · under the ceiling,TRUE,ln,novel;animation,4,3,1,0,https://citedfeats.com/overlord/#entoma-vasilissa-zeta
overlord,Overlord,evileye,Evileye,14,under,Tier 04 · under the ceiling,TRUE,ln,novel;animation,3,3,0,0,https://citedfeats.com/overlord/#evileye
overlord,Overlord,olasirdarc-haylilyal,Olasird'arc Haylilyal,15,under,Tier 04 · under the ceiling,TRUE,ln,novel;animation,3,2,1,0,https://citedfeats.com/overlord/#olasirdarc-haylilyal
overlord,Overlord,brain-unglaus,Brain Unglaus,16,under,Tier 04 · under the ceiling,TRUE,ln,novel;animation,4,4,0,0,https://citedfeats.com/overlord/#brain-unglaus
overlord,Overlord,gazef-stronoff,Gazef Stronoff,17,under,Tier 04 · under the ceiling,TRUE,ln,novel;animation,4,3,1,0,https://citedfeats.com/overlord/#gazef-stronoff
overlord,Overlord,zero,Zero,18,under,Tier 04 · under the ceiling,TRUE,ln,novel;animation,3,2,1,0,https://citedfeats.com/overlord/#zero
overlord,Overlord,clementine,Clementine,19,under,Tier 04 · under the ceiling,TRUE,ln,novel;animation,4,3,1,0,https://citedfeats.com/overlord/#clementine
overlord,Overlord,hamsuke,Hamsuke,20,under,Tier 04 · under the ceiling,TRUE,ln,novel;animation,3,3,0,0,https://citedfeats.com/overlord/#hamsuke
overlord,Overlord,khajiit-dale-badantel,Khajiit Dale Badantel,21,under,Tier 04 · under the ceiling,TRUE,ln,novel;animation,1,1,0,0,https://citedfeats.com/overlord/#khajiit-dale-badantel
overlord,Overlord,zaryusu-shasha,Zaryusu Shasha,22,under,Tier 04 · under the ceiling,TRUE,ln,novel;animation,3,3,0,0,https://citedfeats.com/overlord/#zaryusu-shasha
overlord,Overlord,nigun-grid-luin,Nigun Grid Luin,23,under,Tier 04 · under the ceiling,TRUE,ln,novel;animation,2,2,0,0,https://citedfeats.com/overlord/#nigun-grid-luin
overlord,Overlord,climb,Climb,24,under,Tier 04 · under the ceiling,TRUE,ln,novel;animation,4,4,0,0,https://citedfeats.com/overlord/#climb
overlord,Overlord,tsaindorcus-vaision,Tsaindorcus Vaision,NA,unmeasured,Tier 00 · off the scale,FALSE,ln,novel;animation,7,4,3,0,https://citedfeats.com/overlord/#tsaindorcus-vaision
overlord,Overlord,downfall-of-castle-and-country,Downfall of Castle and Country,NA,unmeasured,Tier 00 · off the scale,FALSE,ln,novel;animation,3,2,1,0,https://citedfeats.com/overlord/#downfall-of-castle-and-country
overlord,Overlord,victim,Victim,NA,unmeasured,Tier 00 · off the scale,FALSE,ln,novel;animation,4,1,3,0,https://citedfeats.com/overlord/#victim
pokemon,Pokémon,arceus,Arceus,1,made,Tier 01 · apex,TRUE,games,game,3,1,2,0,https://citedfeats.com/pokemon/#arceus
pokemon,Pokémon,giratina,Giratina,2,made,Tier 01 · apex,TRUE,games,game,2,1,1,0,https://citedfeats.com/pokemon/#giratina
pokemon,Pokémon,dialga,Dialga,3,made,Tier 01 · apex,TRUE,games,game,2,1,1,0,https://citedfeats.com/pokemon/#dialga
pokemon,Pokémon,palkia,Palkia,4,made,Tier 01 · apex,TRUE,games,game,2,1,1,0,https://citedfeats.com/pokemon/#palkia
pokemon,Pokémon,eternatus,Eternatus,5,made,Tier 01 · apex,TRUE,games,game,2,2,0,0,https://citedfeats.com/pokemon/#eternatus
pokemon,Pokémon,necrozma,Necrozma,6,rewrote,Tier 02 · the greats,TRUE,games,game,2,1,1,0,https://citedfeats.com/pokemon/#necrozma
pokemon,Pokémon,rayquaza,Rayquaza,7,rewrote,Tier 02 · the greats,TRUE,games,game;film,2,2,0,0,https://citedfeats.com/pokemon/#rayquaza
pokemon,Pokémon,kyogre,Kyogre,8,rewrote,Tier 02 · the greats,TRUE,games,game,2,0,2,0,https://citedfeats.com/pokemon/#kyogre
pokemon,Pokémon,groudon,Groudon,9,rewrote,Tier 02 · the greats,TRUE,games,game,2,0,2,0,https://citedfeats.com/pokemon/#groudon
pokemon,Pokémon,mewtwo,Mewtwo,10,rewrote,Tier 02 · the greats,TRUE,games;anime,game;film,2,1,1,0,https://citedfeats.com/pokemon/#mewtwo
pokemon,Pokémon,terapagos,Terapagos,11,rewrote,Tier 02 · the greats,TRUE,games,game,3,0,3,0,https://citedfeats.com/pokemon/#terapagos
pokemon,Pokémon,reshiram-zekrom,Reshiram and Zekrom,12,enormous,Tier 03 · everyone else you'd name,TRUE,games,game,3,0,3,0,https://citedfeats.com/pokemon/#reshiram-zekrom
pokemon,Pokémon,ho-oh,Ho-Oh,13,enormous,Tier 03 · everyone else you'd name,TRUE,games,game,1,0,1,0,https://citedfeats.com/pokemon/#ho-oh
pokemon,Pokémon,lugia,Lugia,14,enormous,Tier 03 · everyone else you'd name,TRUE,games;anime,game;film,2,1,1,0,https://citedfeats.com/pokemon/#lugia
pokemon,Pokémon,kyurem,Kyurem,15,enormous,Tier 03 · everyone else you'd name,TRUE,games,game,2,1,1,0,https://citedfeats.com/pokemon/#kyurem
pokemon,Pokémon,yveltal,Yveltal,16,enormous,Tier 03 · everyone else you'd name,TRUE,games,game,2,1,1,0,https://citedfeats.com/pokemon/#yveltal
pokemon,Pokémon,xerneas,Xerneas,17,enormous,Tier 03 · everyone else you'd name,TRUE,games,game,2,1,1,0,https://citedfeats.com/pokemon/#xerneas
pokemon,Pokémon,zygarde,Zygarde,18,enormous,Tier 03 · everyone else you'd name,TRUE,games,game,1,1,0,0,https://citedfeats.com/pokemon/#zygarde
pokemon,Pokémon,regigigas,Regigigas,19,enormous,Tier 03 · everyone else you'd name,TRUE,games,game,2,1,1,0,https://citedfeats.com/pokemon/#regigigas
pokemon,Pokémon,darkrai,Darkrai,20,enormous,Tier 03 · everyone else you'd name,TRUE,games,game,2,1,1,0,https://citedfeats.com/pokemon/#darkrai
pokemon,Pokémon,deoxys,Deoxys,21,enormous,Tier 03 · everyone else you'd name,TRUE,games,game,2,1,1,0,https://citedfeats.com/pokemon/#deoxys
pokemon,Pokémon,mew,Mew,22,enormous,Tier 03 · everyone else you'd name,TRUE,games;anime,game;film,3,1,2,0,https://citedfeats.com/pokemon/#mew
pokemon,Pokémon,magcargo,Magcargo,NA,dex,Tier 00 · not on the scale,FALSE,games,game,2,0,2,0,https://citedfeats.com/pokemon/#magcargo
pokemon,Pokémon,gengar,Gengar,NA,dex,Tier 00 · not on the scale,FALSE,games;anime,game;animation,1,0,1,0,https://citedfeats.com/pokemon/#gengar
pokemon,Pokémon,drifloon,Drifloon,NA,dex,Tier 00 · not on the scale,FALSE,games,game,1,0,1,0,https://citedfeats.com/pokemon/#drifloon
solo-leveling,Solo Leveling,sung-jinwoo,Sung Jinwoo,1,apex,Tier 01 · apex,TRUE,novel;webtoon,novel;comic;animation,13,8,5,0,https://citedfeats.com/solo-leveling/#sung-jinwoo
solo-leveling,Solo Leveling,antares,Antares,2,apex,Tier 01 · apex,TRUE,novel;webtoon,novel;comic,11,6,5,0,https://citedfeats.com/solo-leveling/#antares
solo-leveling,Solo Leveling,rakan,Rakan,3,sovereign,Tier 02 · the sovereign side,TRUE,novel;webtoon,novel;comic;animation,6,5,1,0,https://citedfeats.com/solo-leveling/#rakan
solo-leveling,Solo Leveling,sillad,Sillad,4,sovereign,Tier 02 · the sovereign side,TRUE,novel;webtoon,novel;comic;animation,7,5,2,0,https://citedfeats.com/solo-leveling/#sillad
solo-leveling,Solo Leveling,querehsha,Querehsha,5,sovereign,Tier 02 · the sovereign side,TRUE,novel;webtoon,novel;comic,8,4,4,0,https://citedfeats.com/solo-leveling/#querehsha
solo-leveling,Solo Leveling,baran,Baran,6,sovereign,Tier 02 · the sovereign side,TRUE,novel;webtoon,novel;comic,8,4,4,0,https://citedfeats.com/solo-leveling/#baran
solo-leveling,Solo Leveling,tarnak,Tarnak,7,sovereign,Tier 02 · the sovereign side,TRUE,novel;webtoon,novel;comic,7,3,4,0,https://citedfeats.com/solo-leveling/#tarnak
solo-leveling,Solo Leveling,yogumunt,Yogumunt,8,sovereign,Tier 02 · the sovereign side,TRUE,novel;webtoon,novel;comic,7,4,3,0,https://citedfeats.com/solo-leveling/#yogumunt
solo-leveling,Solo Leveling,legia,Legia,9,sovereign,Tier 02 · the sovereign side,TRUE,novel;webtoon,novel;comic,8,3,5,0,https://citedfeats.com/solo-leveling/#legia
solo-leveling,Solo Leveling,sung-il-hwan,Sung Il-Hwan,10,sovereign,Tier 02 · the sovereign side,TRUE,novel;webtoon,novel;comic,7,4,3,0,https://citedfeats.com/solo-leveling/#sung-il-hwan
solo-leveling,Solo Leveling,thomas-andre,Thomas Andre,11,sovereign,Tier 02 · the sovereign side,TRUE,novel;webtoon,novel;comic;animation,7,3,4,0,https://citedfeats.com/solo-leveling/#thomas-andre
solo-leveling,Solo Leveling,bellion,Bellion,12,annexed,Tier 03 · the annexed,TRUE,novel;webtoon,novel;comic,6,2,4,0,https://citedfeats.com/solo-leveling/#bellion
solo-leveling,Solo Leveling,beru,Beru,13,annexed,Tier 03 · the annexed,TRUE,novel;webtoon,novel;comic;animation,8,4,4,0,https://citedfeats.com/solo-leveling/#beru
solo-leveling,Solo Leveling,igris,Igris,14,annexed,Tier 03 · the annexed,TRUE,novel;webtoon,novel;comic;animation,7,3,4,0,https://citedfeats.com/solo-leveling/#igris
solo-leveling,Solo Leveling,kamish,Kamish,15,annexed,Tier 03 · the annexed,TRUE,novel;webtoon,novel;comic,7,3,4,0,https://citedfeats.com/solo-leveling/#kamish
solo-leveling,Solo Leveling,tusk,Tusk,16,annexed,Tier 03 · the annexed,TRUE,novel;webtoon,novel;comic;animation,9,3,6,0,https://citedfeats.com/solo-leveling/#tusk
solo-leveling,Solo Leveling,greed,Greed,17,annexed,Tier 03 · the annexed,TRUE,novel;webtoon,novel;comic,7,5,2,0,https://citedfeats.com/solo-leveling/#greed
solo-leveling,Solo Leveling,iron,Iron,18,annexed,Tier 03 · the annexed,TRUE,novel;webtoon,novel;comic;animation,6,5,1,0,https://citedfeats.com/solo-leveling/#iron
solo-leveling,Solo Leveling,kaisel,Kaisel,19,annexed,Tier 03 · the annexed,TRUE,novel;webtoon,novel;comic,6,3,3,0,https://citedfeats.com/solo-leveling/#kaisel
solo-leveling,Solo Leveling,jima,Jima,20,shortrows,Tier 04 · the short rows,TRUE,novel;webtoon,novel;comic,6,1,5,0,https://citedfeats.com/solo-leveling/#jima
solo-leveling,Solo Leveling,liu-zhigang,Liu Zhigang,21,shortrows,Tier 04 · the short rows,TRUE,novel;webtoon,novel;comic,5,3,2,0,https://citedfeats.com/solo-leveling/#liu-zhigang
solo-leveling,Solo Leveling,christopher-reed,Christopher Reed,22,shortrows,Tier 04 · the short rows,TRUE,novel;webtoon,novel;comic,7,1,6,0,https://citedfeats.com/solo-leveling/#christopher-reed
solo-leveling,Solo Leveling,goto-ryuji,Goto Ryuji,23,shortrows,Tier 04 · the short rows,TRUE,novel;webtoon,novel;comic,5,3,2,0,https://citedfeats.com/solo-leveling/#goto-ryuji
solo-leveling,Solo Leveling,baruka,Baruka,24,shortrows,Tier 04 · the short rows,TRUE,novel;webtoon,novel;comic;animation,6,2,4,0,https://citedfeats.com/solo-leveling/#baruka
solo-leveling,Solo Leveling,cha-hae-in,Cha Hae-In,25,shortrows,Tier 04 · the short rows,TRUE,novel;webtoon,novel;comic;animation,5,5,0,0,https://citedfeats.com/solo-leveling/#cha-hae-in
solo-leveling,Solo Leveling,baek-yoonho,Baek Yoonho,26,shortrows,Tier 04 · the short rows,TRUE,novel;webtoon,novel;comic;animation,5,1,4,0,https://citedfeats.com/solo-leveling/#baek-yoonho
solo-leveling,Solo Leveling,choi-jong-in,Choi Jong-In,27,shortrows,Tier 04 · the short rows,TRUE,novel;webtoon,novel;comic;animation,5,4,1,0,https://citedfeats.com/solo-leveling/#choi-jong-in
solo-leveling,Solo Leveling,lennart-niermann,Lennart Niermann,28,shortrows,Tier 04 · the short rows,TRUE,novel;webtoon,novel;comic,5,4,1,0,https://citedfeats.com/solo-leveling/#lennart-niermann
solo-leveling,Solo Leveling,esil-radiru,Esil Radiru,29,shortrows,Tier 04 · the short rows,TRUE,novel;webtoon,novel;comic,5,2,3,0,https://citedfeats.com/solo-leveling/#esil-radiru
solo-leveling,Solo Leveling,the-ant-queen,The Ant Queen,30,shortrows,Tier 04 · the short rows,TRUE,novel;webtoon,novel;comic;animation,6,2,4,0,https://citedfeats.com/solo-leveling/#the-ant-queen
solo-leveling,Solo Leveling,go-gunhee,Go Gunhee,31,shortrows,Tier 04 · the short rows,TRUE,novel;webtoon,novel;comic;animation,8,4,4,0,https://citedfeats.com/solo-leveling/#go-gunhee
solo-leveling,Solo Leveling,woo-jinchul,Woo Jinchul,32,shortrows,Tier 04 · the short rows,TRUE,novel;webtoon,novel;comic;animation,5,1,4,0,https://citedfeats.com/solo-leveling/#woo-jinchul
solo-leveling,Solo Leveling,min-byung-gyu,Min Byung-Gyu,33,shortrows,Tier 04 · the short rows,TRUE,novel;webtoon,novel;comic;animation,7,4,3,0,https://citedfeats.com/solo-leveling/#min-byung-gyu
solo-leveling,Solo Leveling,kang-taeshik,Kang Taeshik,34,shortrows,Tier 04 · the short rows,TRUE,novel;webtoon,novel;comic;animation,7,4,3,0,https://citedfeats.com/solo-leveling/#kang-taeshik
solo-leveling,Solo Leveling,hwang-dongsuk,Hwang Dongsuk,35,shortrows,Tier 04 · the short rows,TRUE,novel;webtoon,novel;comic;animation,6,3,3,0,https://citedfeats.com/solo-leveling/#hwang-dongsuk
solo-leveling,Solo Leveling,the-architect,The Architect,NA,unmeasured,Tier 00 · off the scale,FALSE,novel;webtoon,novel;comic,7,2,5,0,https://citedfeats.com/solo-leveling/#the-architect
solo-leveling,Solo Leveling,the-rulers,The Rulers,NA,unmeasured,Tier 00 · off the scale,FALSE,novel;webtoon,novel;comic,8,1,7,0,https://citedfeats.com/solo-leveling/#the-rulers
solo-leveling,Solo Leveling,ashborn,Ashborn,NA,unmeasured,Tier 00 · off the scale,FALSE,novel;webtoon,novel;comic,4,1,3,0,https://citedfeats.com/solo-leveling/#ashborn
star-wars,Star Wars,vitiate,Vitiate,1,apex,Tier 01 · apex,TRUE,legends,game;novel,3,1,2,0,https://citedfeats.com/star-wars/#vitiate
star-wars,Star Wars,darth-nihilus,Darth Nihilus,2,apex,Tier 01 · apex,TRUE,legends,game,2,1,1,0,https://citedfeats.com/star-wars/#darth-nihilus
star-wars,Star Wars,luke-skywalker-legends,Luke Skywalker,3,apex,Tier 01 · apex,TRUE,legends,novel,3,3,0,0,https://citedfeats.com/star-wars/#luke-skywalker-legends
star-wars,Star Wars,darth-sidious-legends,Darth Sidious,4,apex,Tier 01 · apex,TRUE,legends,comic,2,2,0,0,https://citedfeats.com/star-wars/#darth-sidious-legends
star-wars,Star Wars,anakin-skywalker,Anakin Skywalker,5,apex,Tier 01 · apex,TRUE,canon,film;animation,3,2,1,0,https://citedfeats.com/star-wars/#anakin-skywalker
star-wars,Star Wars,darth-plagueis,Darth Plagueis,6,greats,Tier 02 · the greats,TRUE,legends;canon,novel;film,2,1,1,0,https://citedfeats.com/star-wars/#darth-plagueis
star-wars,Star Wars,darth-revan,Darth Revan,7,greats,Tier 02 · the greats,TRUE,legends,game;novel,2,1,1,0,https://citedfeats.com/star-wars/#darth-revan
star-wars,Star Wars,yoda,Yoda,8,greats,Tier 02 · the greats,TRUE,canon;legends,film,2,2,0,0,https://citedfeats.com/star-wars/#yoda
star-wars,Star Wars,exar-kun,Exar Kun,9,greats,Tier 02 · the greats,TRUE,legends,comic;novel,2,2,0,0,https://citedfeats.com/star-wars/#exar-kun
star-wars,Star Wars,galen-marek,Galen Marek,10,greats,Tier 02 · the greats,TRUE,legends,game,2,2,0,0,https://citedfeats.com/star-wars/#galen-marek
star-wars,Star Wars,darth-vader,Darth Vader,11,greats,Tier 02 · the greats,TRUE,canon;legends,film,2,2,0,0,https://citedfeats.com/star-wars/#darth-vader
star-wars,Star Wars,kreia,Kreia,12,greats,Tier 02 · the greats,TRUE,legends,game,2,2,0,0,https://citedfeats.com/star-wars/#kreia
star-wars,Star Wars,darth-bane,Darth Bane,13,greats,Tier 02 · the greats,TRUE,legends,novel,2,2,0,0,https://citedfeats.com/star-wars/#darth-bane
star-wars,Star Wars,jacen-solo,Jacen Solo,14,greats,Tier 02 · the greats,TRUE,legends,novel,2,2,0,0,https://citedfeats.com/star-wars/#jacen-solo
star-wars,Star Wars,mace-windu,Mace Windu,15,greats,Tier 02 · the greats,TRUE,canon;legends,film,2,1,1,0,https://citedfeats.com/star-wars/#mace-windu
star-wars,Star Wars,the-ones,The Ones,NA,beyond,Tier 00 · not on the scale,FALSE,canon;legends,animation,3,3,0,0,https://citedfeats.com/star-wars/#the-ones
star-wars,Star Wars,abeloth,Abeloth,NA,beyond,Tier 00 · not on the scale,FALSE,legends,novel,3,3,0,0,https://citedfeats.com/star-wars/#abeloth
star-wars,Star Wars,the-celestials,The Celestials,NA,beyond,Tier 00 · not on the scale,FALSE,legends,NA,3,1,2,0,https://citedfeats.com/star-wars/#the-celestials
star-wars,Star Wars,the-bendu,The Bendu,NA,beyond,Tier 00 · not on the scale,FALSE,canon,animation,2,1,1,0,https://citedfeats.com/star-wars/#the-bendu
star-wars,Star Wars,waru,Waru,NA,beyond,Tier 00 · not on the scale,FALSE,legends,novel,1,1,0,0,https://citedfeats.com/star-wars/#waru
star-wars,Star Wars,no-midichlorians-required,No midi-chlorians required,NA,elite,Tier 03 · everyone else you'd name,FALSE,canon;legends,novel;game;film,3,3,0,0,https://citedfeats.com/star-wars/#no-midichlorians-required
warhammer-40k,"Warhammer 40,000",the-emperor,The Emperor of Mankind,1,apex,Tier 01 · apex,TRUE,heresy;present,novel;game,3,1,2,0,https://citedfeats.com/warhammer-40k/#the-emperor
warhammer-40k,"Warhammer 40,000",horus-ascendant,Horus Ascendant,2,apex,Tier 01 · apex,TRUE,heresy,novel;game,3,3,0,0,https://citedfeats.com/warhammer-40k/#horus-ascendant
warhammer-40k,"Warhammer 40,000",the-nightbringer,The Nightbringer,3,apex,Tier 01 · apex,TRUE,war-in-heaven;present,novel;game,2,0,2,0,https://citedfeats.com/warhammer-40k/#the-nightbringer
warhammer-40k,"Warhammer 40,000",the-void-dragon,The Void Dragon,4,apex,Tier 01 · apex,TRUE,war-in-heaven;present,novel;game,2,0,2,0,https://citedfeats.com/warhammer-40k/#the-void-dragon
warhammer-40k,"Warhammer 40,000",sanguinius,Sanguinius,5,greats,Tier 02 · the greats,TRUE,heresy,novel;game,3,2,1,0,https://citedfeats.com/warhammer-40k/#sanguinius
warhammer-40k,"Warhammer 40,000",magnus,Magnus the Red,6,greats,Tier 02 · the greats,TRUE,heresy;present,novel;game,2,1,1,0,https://citedfeats.com/warhammer-40k/#magnus
warhammer-40k,"Warhammer 40,000",leman-russ,Leman Russ,7,greats,Tier 02 · the greats,TRUE,heresy,novel;game,2,1,1,0,https://citedfeats.com/warhammer-40k/#leman-russ
warhammer-40k,"Warhammer 40,000",the-silent-king,The Silent King,8,greats,Tier 02 · the greats,TRUE,war-in-heaven;present,novel;game,1,0,1,0,https://citedfeats.com/warhammer-40k/#the-silent-king
warhammer-40k,"Warhammer 40,000",angron,Angron,9,greats,Tier 02 · the greats,TRUE,heresy;present,novel;game,1,1,0,0,https://citedfeats.com/warhammer-40k/#angron
warhammer-40k,"Warhammer 40,000",fulgrim,Fulgrim,10,greats,Tier 02 · the greats,TRUE,heresy;present,novel;game,1,1,0,0,https://citedfeats.com/warhammer-40k/#fulgrim
warhammer-40k,"Warhammer 40,000",mortarion,Mortarion,11,greats,Tier 02 · the greats,TRUE,heresy;present,novel;game,1,1,0,0,https://citedfeats.com/warhammer-40k/#mortarion
warhammer-40k,"Warhammer 40,000",guilliman,Roboute Guilliman,12,greats,Tier 02 · the greats,TRUE,heresy;present,novel;game,2,2,0,0,https://citedfeats.com/warhammer-40k/#guilliman
warhammer-40k,"Warhammer 40,000",lion-eljonson,Lion El'Jonson,13,greats,Tier 02 · the greats,TRUE,heresy;present,novel,1,0,1,0,https://citedfeats.com/warhammer-40k/#lion-eljonson
warhammer-40k,"Warhammer 40,000",kairos,Kairos Fateweaver,14,greats,Tier 02 · the greats,TRUE,present,novel;game,1,0,1,0,https://citedfeats.com/warhammer-40k/#kairos
warhammer-40k,"Warhammer 40,000",belakor,Be'lakor,15,greats,Tier 02 · the greats,TRUE,present,novel;game,3,0,3,0,https://citedfeats.com/warhammer-40k/#belakor
warhammer-40k,"Warhammer 40,000",abaddon,Abaddon the Despoiler,16,enormous,Tier 03 · everyone else you'd name,TRUE,present,novel;game,1,0,1,0,https://citedfeats.com/warhammer-40k/#abaddon
warhammer-40k,"Warhammer 40,000",ghazghkull,Ghazghkull Mag Uruk Thraka,17,enormous,Tier 03 · everyone else you'd name,TRUE,present,novel;game,1,0,1,0,https://citedfeats.com/warhammer-40k/#ghazghkull
warhammer-40k,"Warhammer 40,000",eldrad,Eldrad Ulthran,18,enormous,Tier 03 · everyone else you'd name,TRUE,present,novel;game,1,0,1,0,https://citedfeats.com/warhammer-40k/#eldrad
warhammer-40k,"Warhammer 40,000",celestine,Saint Celestine,19,enormous,Tier 03 · everyone else you'd name,TRUE,present,novel;game,1,0,1,0,https://citedfeats.com/warhammer-40k/#celestine
warhammer-40k,"Warhammer 40,000",trazyn,Trazyn the Infinite,20,enormous,Tier 03 · everyone else you'd name,TRUE,present,novel;game,1,0,1,0,https://citedfeats.com/warhammer-40k/#trazyn
warhammer-40k,"Warhammer 40,000",yarrick,Commissar Yarrick,21,enormous,Tier 03 · everyone else you'd name,TRUE,present,novel;game,1,0,1,0,https://citedfeats.com/warhammer-40k/#yarrick
warhammer-40k,"Warhammer 40,000",dante,Commander Dante,22,enormous,Tier 03 · everyone else you'd name,TRUE,present,novel;game,1,0,1,0,https://citedfeats.com/warhammer-40k/#dante
warhammer-40k,"Warhammer 40,000",mephiston,Mephiston,23,enormous,Tier 03 · everyone else you'd name,TRUE,present,novel;game,1,0,1,0,https://citedfeats.com/warhammer-40k/#mephiston
warhammer-40k,"Warhammer 40,000",kharn,Kharn the Betrayer,24,enormous,Tier 03 · everyone else you'd name,TRUE,heresy;present,novel;game,1,1,0,0,https://citedfeats.com/warhammer-40k/#kharn
warhammer-40k,"Warhammer 40,000",ahriman,Ahriman,25,enormous,Tier 03 · everyone else you'd name,TRUE,heresy;present,novel;game,1,0,1,0,https://citedfeats.com/warhammer-40k/#ahriman
warhammer-40k,"Warhammer 40,000",typhus,Typhus,26,enormous,Tier 03 · everyone else you'd name,TRUE,heresy;present,novel;game,1,0,1,0,https://citedfeats.com/warhammer-40k/#typhus
warhammer-40k,"Warhammer 40,000",lucius,Lucius the Eternal,27,enormous,Tier 03 · everyone else you'd name,TRUE,present,novel;game,1,0,1,0,https://citedfeats.com/warhammer-40k/#lucius
warhammer-40k,"Warhammer 40,000",asdrubael-vect,Asdrubael Vect,28,enormous,Tier 03 · everyone else you'd name,TRUE,present,novel;game,1,0,1,0,https://citedfeats.com/warhammer-40k/#asdrubael-vect
warhammer-40k,"Warhammer 40,000",lelith,Lelith Hesperax,29,enormous,Tier 03 · everyone else you'd name,TRUE,present,novel;game,1,0,1,0,https://citedfeats.com/warhammer-40k/#lelith
warhammer-40k,"Warhammer 40,000",yvraine,Yvraine,30,enormous,Tier 03 · everyone else you'd name,TRUE,present,novel;game,1,0,1,0,https://citedfeats.com/warhammer-40k/#yvraine
warhammer-40k,"Warhammer 40,000",shadowsun,Commander Shadowsun,31,enormous,Tier 03 · everyone else you'd name,TRUE,present,novel;game,1,0,1,0,https://citedfeats.com/warhammer-40k/#shadowsun
warhammer-40k,"Warhammer 40,000",farsight,Commander Farsight,32,enormous,Tier 03 · everyone else you'd name,TRUE,present,novel;game,1,0,1,0,https://citedfeats.com/warhammer-40k/#farsight
warhammer-40k,"Warhammer 40,000",logan-grimnar,Logan Grimnar,33,enormous,Tier 03 · everyone else you'd name,TRUE,present,novel;game,1,0,1,0,https://citedfeats.com/warhammer-40k/#logan-grimnar
warhammer-40k,"Warhammer 40,000",marneus-calgar,Marneus Calgar,34,enormous,Tier 03 · everyone else you'd name,TRUE,present,novel;game,1,0,1,0,https://citedfeats.com/warhammer-40k/#marneus-calgar
warhammer-40k,"Warhammer 40,000",swarmlord,The Swarmlord,35,enormous,Tier 03 · everyone else you'd name,TRUE,present,novel;game,1,0,1,0,https://citedfeats.com/warhammer-40k/#swarmlord
warhammer-40k,"Warhammer 40,000",khorne,Khorne,NA,gods,Tier 00 · not on the scale,FALSE,present,novel;game,1,0,1,0,https://citedfeats.com/warhammer-40k/#khorne
warhammer-40k,"Warhammer 40,000",tzeentch,Tzeentch,NA,gods,Tier 00 · not on the scale,FALSE,present,novel;game,2,1,1,0,https://citedfeats.com/warhammer-40k/#tzeentch
warhammer-40k,"Warhammer 40,000",nurgle,Nurgle,NA,gods,Tier 00 · not on the scale,FALSE,present,novel;game,1,1,0,0,https://citedfeats.com/warhammer-40k/#nurgle
warhammer-40k,"Warhammer 40,000",slaanesh,Slaanesh,NA,gods,Tier 00 · not on the scale,FALSE,present,novel;game,1,0,1,0,https://citedfeats.com/warhammer-40k/#slaanesh
westeros,Westeros,the-night-king,The Night King,1,apex,Tier 01 · apex,TRUE,got,television,10,10,0,0,https://citedfeats.com/westeros/#the-night-king
westeros,Westeros,gregor-clegane,Gregor Clegane,2,apex,Tier 01 · apex,TRUE,books;got,novel;television,13,10,3,0,https://citedfeats.com/westeros/#gregor-clegane
westeros,Westeros,daemon-targaryen,Daemon Targaryen,3,apex,Tier 01 · apex,TRUE,books;hotd,novel;television,11,4,7,0,https://citedfeats.com/westeros/#daemon-targaryen
westeros,Westeros,jaime-lannister,Jaime Lannister,4,apex,Tier 01 · apex,TRUE,books;got,novel;television,15,8,7,0,https://citedfeats.com/westeros/#jaime-lannister
westeros,Westeros,barristan-selmy,Barristan Selmy,5,apex,Tier 01 · apex,TRUE,books;got,novel;television,15,5,10,0,https://citedfeats.com/westeros/#barristan-selmy
westeros,Westeros,arthur-dayne,Arthur Dayne,6,apex,Tier 01 · apex,TRUE,books;got,novel;television,12,2,10,0,https://citedfeats.com/westeros/#arthur-dayne
westeros,Westeros,the-wight-host,The Wight Host,7,host,Tier 02 · the host,TRUE,books;got,novel;television,14,9,5,0,https://citedfeats.com/westeros/#the-wight-host
westeros,Westeros,sandor-clegane,Sandor Clegane,8,greats,Tier 03 · the greats,TRUE,books;got,novel;television,16,13,3,0,https://citedfeats.com/westeros/#sandor-clegane
westeros,Westeros,oberyn-martell,Oberyn Martell,9,greats,Tier 03 · the greats,TRUE,books;got,novel;television,12,4,8,0,https://citedfeats.com/westeros/#oberyn-martell
westeros,Westeros,brienne-of-tarth,Brienne of Tarth,10,greats,Tier 03 · the greats,TRUE,books;got,novel;television,12,11,1,0,https://citedfeats.com/westeros/#brienne-of-tarth
westeros,Westeros,criston-cole,Criston Cole,11,greats,Tier 03 · the greats,TRUE,books;hotd,novel;television,14,4,10,0,https://citedfeats.com/westeros/#criston-cole
westeros,Westeros,khal-drogo,Khal Drogo,12,greats,Tier 03 · the greats,TRUE,books;got,novel;television,12,8,4,0,https://citedfeats.com/westeros/#khal-drogo
westeros,Westeros,jon-snow,Jon Snow,13,greats,Tier 03 · the greats,TRUE,books;got,novel;television,14,13,1,0,https://citedfeats.com/westeros/#jon-snow
westeros,Westeros,aemond-targaryen,Aemond Targaryen,14,greats,Tier 03 · the greats,TRUE,books;hotd,novel;television,13,4,9,0,https://citedfeats.com/westeros/#aemond-targaryen
westeros,Westeros,robert-baratheon,Robert Baratheon,15,greats,Tier 03 · the greats,TRUE,books;got,novel;television,15,3,12,0,https://citedfeats.com/westeros/#robert-baratheon
westeros,Westeros,rhaegar-targaryen,Rhaegar Targaryen,16,greats,Tier 03 · the greats,TRUE,books;got,novel;television,12,1,11,0,https://citedfeats.com/westeros/#rhaegar-targaryen
westeros,Westeros,arya-stark,Arya Stark,17,field,Tier 04 · everyone else you'd name,TRUE,books;got,novel;television,9,8,1,0,https://citedfeats.com/westeros/#arya-stark
westeros,Westeros,loras-tyrell,Loras Tyrell,18,field,Tier 04 · everyone else you'd name,TRUE,books;got,novel;television,11,7,4,0,https://citedfeats.com/westeros/#loras-tyrell
westeros,Westeros,bronn,Bronn,19,field,Tier 04 · everyone else you'd name,TRUE,books;got,novel;television,9,7,2,0,https://citedfeats.com/westeros/#bronn
westeros,Westeros,jorah-mormont,Jorah Mormont,20,field,Tier 04 · everyone else you'd name,TRUE,books;got,novel;television,10,6,4,0,https://citedfeats.com/westeros/#jorah-mormont
westeros,Westeros,areo-hotah,Areo Hotah,21,field,Tier 04 · everyone else you'd name,TRUE,books;got,novel;television,7,5,2,0,https://citedfeats.com/westeros/#areo-hotah
westeros,Westeros,syrio-forel,Syrio Forel,22,field,Tier 04 · everyone else you'd name,TRUE,books;got,novel;television,6,4,2,0,https://citedfeats.com/westeros/#syrio-forel
westeros,Westeros,beric-dondarrion,Beric Dondarrion,23,field,Tier 04 · everyone else you'd name,TRUE,books;got,novel;television,12,7,5,0,https://citedfeats.com/westeros/#beric-dondarrion
westeros,Westeros,grey-worm,Grey Worm,24,field,Tier 04 · everyone else you'd name,TRUE,books;got,novel;television,7,5,2,0,https://citedfeats.com/westeros/#grey-worm
westeros,Westeros,harwin-strong,Harwin Strong,25,field,Tier 04 · everyone else you'd name,TRUE,books;hotd,novel;television,9,3,6,0,https://citedfeats.com/westeros/#harwin-strong
westeros,Westeros,petyr-baelish,Petyr Baelish,NA,unmeasured,Tier 00 · off the scale,FALSE,books;got,novel;television,4,3,1,0,https://citedfeats.com/westeros/#petyr-baelish
westeros,Westeros,cersei-lannister,Cersei Lannister,NA,unmeasured,Tier 00 · off the scale,FALSE,books;got,novel;television,5,4,1,0,https://citedfeats.com/westeros/#cersei-lannister
westeros,Westeros,varys,Varys,NA,unmeasured,Tier 00 · off the scale,FALSE,books;got,novel;television,4,3,1,0,https://citedfeats.com/westeros/#varys
westeros,Westeros,tywin-lannister,Tywin Lannister,NA,unmeasured,Tier 00 · off the scale,FALSE,books,novel,5,2,3,0,https://citedfeats.com/westeros/#tywin-lannister
westeros,Westeros,olenna-tyrell,Olenna Tyrell,NA,unmeasured,Tier 00 · off the scale,FALSE,books;got,novel;television,6,2,4,0,https://citedfeats.com/westeros/#olenna-tyrell
