franchise_slug,killer_id,killer,victim,victim_id,work,year,confidence,undone,verdict,matchup_url
bleach,ichigo-kurosaki,Ichigo Kurosaki,Yhwach,yhwach,Bleach,2016,shown,FALSE,upset,https://citedfeats.com/vs/ichigo-kurosaki-vs-yhwach/
dark-souls,aldrich,"Aldrich, Devourer of Gods",Gwyndolin,gwyndolin,Dark Souls III,2016,shown,FALSE,confirms,https://citedfeats.com/vs/aldrich-vs-gwyndolin/
digimon,omnimon,Omnimon,Diaboromon,diaboromon,Digimon Adventure: Our War Game,2000,shown,FALSE,confirms,https://citedfeats.com/vs/omnimon-vs-diaboromon/
digimon,susanoomon,Susanoomon,Lucemon,lucemon,Digimon Frontier,2002,shown,FALSE,upset,https://citedfeats.com/vs/susanoomon-vs-lucemon/
digimon,imperialdramon-pm,Imperialdramon Paladin Mode,Armageddemon,NA,Digimon Adventure 02: Revenge of Diaboromon,2001,shown,FALSE,NA,NA
digimon,beelzemon,Beelzemon,Leomon,NA,Digimon Tamers,2001,shown,FALSE,NA,NA
digimon,malomyotismon,MaloMyotismon,Wizardmon,NA,Digimon Adventure,1999,shown,FALSE,NA,NA
dnd,cyric,Cyric,Mystra,mystra,Forgotten Realms Campaign Guide,2008,stated,FALSE,upset,https://citedfeats.com/vs/cyric-vs-mystra/
dragon-ball,son-goku,Son Goku,Kid Buu,kid-buu,Dragon Ball Z,NA,shown,FALSE,confirms,https://citedfeats.com/vs/son-goku-vs-kid-buu/
final-fantasy-villains,kefka-palazzo,Kefka Palazzo,Doma Castle,NA,Final Fantasy VI,1994,shown,FALSE,NA,NA
final-fantasy-villains,kefka-palazzo,Kefka Palazzo,Thirteen Espers,NA,Final Fantasy VI,1994,shown,FALSE,NA,NA
final-fantasy-villains,kefka-palazzo,Kefka Palazzo,Countless people in the Cataclysm,NA,Final Fantasy VI,1994,stated,FALSE,NA,NA
final-fantasy-villains,kefka-palazzo,Kefka Palazzo,The adults of Mobliz,NA,Final Fantasy VI,1994,shown,FALSE,NA,NA
final-fantasy-villains,kefka-palazzo,Kefka Palazzo,General Leo,NA,Final Fantasy VI,1994,shown,FALSE,NA,NA
final-fantasy-villains,kefka-palazzo,Kefka Palazzo,Emperor Gestahl,NA,Final Fantasy VI,1994,shown,FALSE,NA,NA
final-fantasy-villains,exdeath,Exdeath,The lands he erased,NA,Final Fantasy V,1992,shown,TRUE,NA,NA
final-fantasy-villains,cloud-of-darkness,Cloud of Darkness,The four Warriors of Light,NA,Final Fantasy III,1990,shown,TRUE,NA,NA
final-fantasy-villains,bhunivelze,Bhunivelze,Mwynn,NA,Fabula Nova Crystallis mythology,2011,stated,FALSE,NA,NA
final-fantasy-villains,bhunivelze,Bhunivelze,Hope Estheim,NA,Lightning Returns: Final Fantasy XIII,2013,shown,TRUE,NA,NA
final-fantasy-villains,yu-yevon,Yu Yevon,Everyone Sin ever killed,NA,Final Fantasy X,2001,stated,FALSE,NA,NA
final-fantasy-villains,ultimecia,Ultimecia,President Vinzer Deling,NA,Final Fantasy VIII,1999,shown,FALSE,NA,NA
final-fantasy-villains,ultimecia,Ultimecia,The dead of Trabia Garden,NA,Final Fantasy VIII,1999,stated,FALSE,NA,NA
final-fantasy-villains,sephiroth,Sephiroth,Nibelheim,NA,Final Fantasy VII,1997,shown,FALSE,NA,NA
final-fantasy-villains,sephiroth,Sephiroth,Brian Lockhart,NA,Final Fantasy VII,1997,shown,FALSE,NA,NA
final-fantasy-villains,sephiroth,Sephiroth,Aerith Gainsborough,NA,Final Fantasy VII,1997,shown,FALSE,NA,NA
final-fantasy-villains,sephiroth,Sephiroth,President Shinra,NA,Final Fantasy VII,1997,stated,FALSE,NA,NA
final-fantasy-villains,emperor-mateus,Emperor Mateus,"Altair, Gatrea, Paloom and Poft",NA,Final Fantasy II,1988,stated,FALSE,NA,NA
final-fantasy-villains,emperor-mateus,Emperor Mateus,Ricard Highwind,NA,Final Fantasy II,1988,shown,FALSE,NA,NA
final-fantasy-villains,emperor-mateus,Emperor Mateus,Cid,NA,Final Fantasy II,1988,shown,FALSE,NA,NA
final-fantasy-villains,emperor-mateus,Emperor Mateus,The wyverns of Deist,NA,Final Fantasy II,1988,stated,FALSE,NA,NA
final-fantasy-villains,zeromus,Zeromus,Anna,NA,Final Fantasy IV,1991,shown,FALSE,NA,NA
final-fantasy-villains,zeromus,Zeromus,The King and Queen of Damcyan,NA,Final Fantasy IV,1991,stated,FALSE,NA,NA
final-fantasy-villains,zeromus,Zeromus,Tellah,NA,Final Fantasy IV,1991,shown,FALSE,NA,NA
final-fantasy-villains,zeromus,Zeromus,The Summoners of Mist,NA,Final Fantasy IV,1991,shown,FALSE,NA,NA
final-fantasy-villains,zeromus,Zeromus,Palom and Porom,NA,Final Fantasy IV,1991,shown,TRUE,NA,NA
final-fantasy-villains,caius-ballad,Caius Ballad,Yeul's previous Guardian,NA,Final Fantasy XIII-2,2011,stated,FALSE,NA,NA
final-fantasy-villains,caius-ballad,Caius Ballad,Etro,NA,Final Fantasy XIII-2,2011,stated,FALSE,NA,NA
final-fantasy-villains,ardyn-izunia,Ardyn Izunia,Ravus Nox Fleuret,NA,Final Fantasy XV,2016,shown,FALSE,NA,NA
final-fantasy-villains,ardyn-izunia,Ardyn Izunia,Lunafreya Nox Fleuret,NA,Final Fantasy XV,2016,shown,FALSE,NA,NA
final-fantasy-villains,ardyn-izunia,Ardyn Izunia,Ten years of everyone,NA,Final Fantasy XV,2016,stated,FALSE,NA,NA
final-fantasy-villains,kuja,Kuja,Garland,NA,Final Fantasy IX,2000,shown,FALSE,NA,NA
final-fantasy-villains,kuja,Kuja,Queen Brahne,NA,Final Fantasy IX,2000,shown,FALSE,NA,NA
final-fantasy-villains,kuja,Kuja,The summoner tribe of Madain Sari,NA,Final Fantasy IX,2000,stated,FALSE,NA,NA
final-fantasy-villains,vayne-solidor,Vayne Solidor,His two elder brothers,NA,Final Fantasy XII,2006,stated,FALSE,NA,NA
final-fantasy-villains,vayne-solidor,Vayne Solidor,Emperor Gramis,NA,Final Fantasy XII,2006,stated,FALSE,NA,NA
final-fantasy-villains,vayne-solidor,Vayne Solidor,Judge Drace,NA,Final Fantasy XII,2006,shown,FALSE,NA,NA
final-fantasy-villains,seymour-guado,Seymour Guado,Jyscal Guado,NA,Final Fantasy X,2001,stated,FALSE,NA,NA
final-fantasy-villains,seymour-guado,Seymour Guado,Grand Maester Wen Kinoc,NA,Final Fantasy X,2001,shown,FALSE,NA,NA
final-fantasy-villains,seymour-guado,Seymour Guado,"Many of the Ronso, including Maester Kelk",NA,Final Fantasy X,2001,stated,FALSE,NA,NA
godzilla,monsterverse-godzilla,Godzilla,King Ghidorah,king-ghidorah,Godzilla: King of the Monsters,2019,shown,FALSE,upset,https://citedfeats.com/vs/monsterverse-godzilla-vs-king-ghidorah/
godzilla,oxygen-destroyer,The Oxygen Destroyer,Godzilla,godzilla-1954,Godzilla,1954,shown,FALSE,off-scale,https://citedfeats.com/vs/oxygen-destroyer-vs-godzilla-1954/
jujutsu-kaisen,ryomen-sukuna,Ryomen Sukuna,Yuji Itadori,yuji-itadori,Jujutsu Kaisen,NA,shown,TRUE,undone,https://citedfeats.com/vs/ryomen-sukuna-vs-yuji-itadori/
jujutsu-kaisen,ryomen-sukuna,Ryomen Sukuna,The people standing in the Shibuya cleave,NA,Jujutsu Kaisen,NA,shown,FALSE,NA,NA
jujutsu-kaisen,ryomen-sukuna,Ryomen Sukuna,Jogo,jogo,Jujutsu Kaisen,NA,shown,FALSE,confirms,https://citedfeats.com/vs/ryomen-sukuna-vs-jogo/
jujutsu-kaisen,ryomen-sukuna,Ryomen Sukuna,Hajime Kashimo,hajime-kashimo,Jujutsu Kaisen,NA,shown,FALSE,confirms,https://citedfeats.com/vs/ryomen-sukuna-vs-hajime-kashimo/
jujutsu-kaisen,ryomen-sukuna,Ryomen Sukuna,Choso,choso,Jujutsu Kaisen,NA,shown,FALSE,confirms,https://citedfeats.com/vs/ryomen-sukuna-vs-choso/
jujutsu-kaisen,ryomen-sukuna,Ryomen Sukuna,Satoru Gojo,satoru-gojo,Jujutsu Kaisen,NA,shown,FALSE,confirms,https://citedfeats.com/vs/ryomen-sukuna-vs-satoru-gojo/
jujutsu-kaisen,satoru-gojo,Satoru Gojo,Suguru Geto,suguru-geto,Jujutsu Kaisen 0,NA,shown,FALSE,confirms,https://citedfeats.com/vs/satoru-gojo-vs-suguru-geto/
jujutsu-kaisen,satoru-gojo,Satoru Gojo,Hanami,hanami,Jujutsu Kaisen,NA,shown,FALSE,confirms,https://citedfeats.com/vs/satoru-gojo-vs-hanami/
jujutsu-kaisen,satoru-gojo,Satoru Gojo,The transfigured humans in Shibuya station,NA,Jujutsu Kaisen,NA,shown,FALSE,NA,NA
jujutsu-kaisen,satoru-gojo,Satoru Gojo,Toji Fushiguro,toji-fushiguro,Jujutsu Kaisen,NA,shown,FALSE,confirms,https://citedfeats.com/vs/satoru-gojo-vs-toji-fushiguro/
jujutsu-kaisen,kenjaku,Kenjaku,Mahito,mahito,Jujutsu Kaisen,NA,shown,FALSE,confirms,https://citedfeats.com/vs/kenjaku-vs-mahito/
jujutsu-kaisen,yuta-okkotsu,Yuta Okkotsu,Kenjaku,kenjaku,Jujutsu Kaisen,NA,shown,FALSE,upset,https://citedfeats.com/vs/yuta-okkotsu-vs-kenjaku/
jujutsu-kaisen,yuji-itadori,Yuji Itadori,Ryomen Sukuna,ryomen-sukuna,Jujutsu Kaisen,NA,shown,FALSE,upset,https://citedfeats.com/vs/yuji-itadori-vs-ryomen-sukuna/
jujutsu-kaisen,suguru-geto,Suguru Geto,The hundred and twelve residents of his home village,NA,Jujutsu Kaisen,NA,stated,FALSE,NA,NA
jujutsu-kaisen,suguru-geto,Suguru Geto,His own parents,NA,Jujutsu Kaisen,NA,stated,FALSE,NA,NA
jujutsu-kaisen,mahito,Mahito,Junpei Yoshino,NA,Jujutsu Kaisen,NA,shown,FALSE,NA,NA
jujutsu-kaisen,mahito,Mahito,Kokichi Muta,kokichi-muta,Jujutsu Kaisen,NA,shown,FALSE,confirms,https://citedfeats.com/vs/mahito-vs-kokichi-muta/
jujutsu-kaisen,mahito,Mahito,Kento Nanami,kento-nanami,Jujutsu Kaisen,NA,shown,FALSE,confirms,https://citedfeats.com/vs/mahito-vs-kento-nanami/
jujutsu-kaisen,jogo,Jogo,The civilians herded down onto the tracks at Shibuya station,NA,Jujutsu Kaisen,NA,shown,FALSE,NA,NA
jujutsu-kaisen,jogo,Jogo,Naobito Zenin,naobito-zenin,Jujutsu Kaisen,NA,stated,FALSE,confirms,https://citedfeats.com/vs/jogo-vs-naobito-zenin/
jujutsu-kaisen,megumi-fushiguro,Megumi Fushiguro,Reggie Star,reggie-star,Jujutsu Kaisen,NA,shown,FALSE,confirms,https://citedfeats.com/vs/megumi-fushiguro-vs-reggie-star/
jujutsu-kaisen,toji-fushiguro,Toji Fushiguro,Riko Amanai,riko-amanai,Jujutsu Kaisen,NA,shown,FALSE,off-scale,https://citedfeats.com/vs/toji-fushiguro-vs-riko-amanai/
jujutsu-kaisen,toji-fushiguro,Toji Fushiguro,Dagon,dagon,Jujutsu Kaisen,NA,shown,FALSE,upset,https://citedfeats.com/vs/toji-fushiguro-vs-dagon/
jujutsu-kaisen,maki-zenin,Maki Zenin,Naoya Zenin,naoya-zenin,Jujutsu Kaisen,NA,shown,FALSE,confirms,https://citedfeats.com/vs/maki-zenin-vs-naoya-zenin/
jujutsu-kaisen,maki-zenin,Maki Zenin,The Zenin sorcerers who come at her at the family estate,NA,Jujutsu Kaisen,NA,shown,FALSE,NA,NA
marvel,the-beyonders,The Beyonders,The Living Tribunal,the-living-tribunal,New Avengers,2015,stated,FALSE,off-scale,https://citedfeats.com/vs/the-beyonders-vs-the-living-tribunal/
marvel,the-beyonders,The Beyonders,Every abstract entity,eternity,New Avengers,2015,shown,FALSE,off-scale,https://citedfeats.com/vs/the-beyonders-vs-eternity/
marvel,the-beyonders,The Beyonders,The Celestials,NA,New Avengers,2015,shown,FALSE,NA,NA
marvel,the-beyonders,The Beyonders,Every universe but one,NA,Secret Wars,2015,shown,FALSE,NA,NA
marvel,molecule-man,Molecule Man,The Beyonders,the-beyonders,Secret Wars,2015,stated,FALSE,upset,https://citedfeats.com/vs/molecule-man-vs-the-beyonders/
marvel,thanos,Thanos,Half of all life in the universe,NA,The Infinity Gauntlet,1991,shown,TRUE,NA,NA
marvel,thanos,Thanos,Heimdall,NA,Avengers: Infinity War,2018,shown,FALSE,NA,NA
marvel,thanos,Thanos,Loki,NA,Avengers: Infinity War,2018,shown,FALSE,NA,NA
marvel,thanos,Thanos,Gamora,NA,Avengers: Infinity War,2018,shown,FALSE,NA,NA
marvel,doctor-doom,Doctor Doom,The Beyonders,the-beyonders,Secret Wars,2015,stated,FALSE,upset,https://citedfeats.com/vs/doctor-doom-vs-the-beyonders/
marvel,doctor-doom,Doctor Doom,The Molecule Men of the multiverse,NA,New Avengers,2015,shown,FALSE,NA,NA
marvel,doctor-doom,Doctor Doom,Doctor Strange,NA,Secret Wars,2015,shown,FALSE,NA,NA
marvel,doctor-doom,Doctor Doom,Cassie Lang,NA,Avengers: The Children's Crusade,2011,shown,TRUE,NA,NA
marvel,franklin-richards,Franklin Richards,The Mad Celestials,NA,Fantastic Four,2012,shown,FALSE,NA,NA
marvel,scarlet-witch,Scarlet Witch,Vision,NA,Avengers Disassembled,2004,shown,TRUE,NA,NA
marvel,scarlet-witch,Scarlet Witch,Hawkeye,NA,Avengers Disassembled,2004,shown,TRUE,NA,NA
marvel,scarlet-witch,Scarlet Witch,Scott Lang,NA,Avengers Disassembled,2004,shown,TRUE,NA,NA
marvel,scarlet-witch,Scarlet Witch,The Illuminati of Earth-838,NA,Doctor Strange in the Multiverse of Madness,2022,shown,FALSE,NA,NA
marvel,hulk,Hulk,The surviving heroes,NA,Hulk: Future Imperfect,1992,stated,FALSE,NA,NA
marvel,hulk,Hulk,General Fortean,NA,The Immortal Hulk,2019,shown,FALSE,NA,NA
marvel,hulk,Hulk,Hercules,NA,Maestro,2020,shown,FALSE,NA,NA
marvel,jean-grey,Jean Grey,Five billion D'Bari,NA,The Uncanny X-Men,1980,shown,FALSE,NA,NA
marvel,jean-grey,Jean Grey,Herself,NA,The Uncanny X-Men,1980,shown,TRUE,NA,NA
marvel,knull,Knull,A Celestial,NA,Venom,2018,shown,FALSE,NA,NA
marvel,galactus,Galactus,Tarnax IV and every Skrull on it,NA,Fantastic Four,1983,shown,FALSE,NA,NA
marvel,galactus,Galactus,Countless inhabited worlds,NA,Fantastic Four,1966,stated,FALSE,NA,NA
marvel,onslaught,Onslaught,The Avengers and the Fantastic Four,NA,Onslaught: Marvel Universe,1996,shown,TRUE,NA,NA
marvel,mad-jim-jaspers,Mad Jim Jaspers,Every superhuman on Earth-238,NA,Marvel Super-Heroes,1982,shown,FALSE,NA,NA
marvel,korvac,Michael Korvac,Most of the Avengers and Guardians,NA,The Avengers,1978,shown,TRUE,NA,NA
marvel,chaos-king,Chaos King,Nightmare,NA,Chaos War,2010,shown,TRUE,NA,NA
marvel,chaos-king,Chaos King,The realms of the dead,NA,Chaos War,2010,shown,TRUE,NA,NA
marvel,thor,Thor,The Sentry,the-sentry,Siege,2010,shown,FALSE,confirms,https://citedfeats.com/vs/thor-vs-the-sentry/
marvel,thor,Thor,Thanos,thanos,Avengers: Endgame,2019,shown,FALSE,upset,https://citedfeats.com/vs/thor-vs-thanos/
marvel,thor,Thor,Gorr the God Butcher,NA,Thor: God of Thunder,2013,shown,FALSE,NA,NA
marvel,thor,Thor,Those Who Sit Above in Shadow,NA,Thor,2004,stated,FALSE,NA,NA
marvel,silver-surfer,Silver Surfer,"Nobody, directly",NA,Fantastic Four,1966,stated,FALSE,NA,NA
marvel,iron-man,Iron Man,Thanos and his entire army,thanos,Avengers: Endgame,2019,shown,FALSE,upset,https://citedfeats.com/vs/iron-man-vs-thanos/
marvel,iron-man,Iron Man,Marilla and Rita DeMara,NA,The Avengers,1995,shown,FALSE,NA,NA
marvel,the-sentry,The Sentry,Ares,NA,Siege,2010,shown,TRUE,NA,NA
marvel,the-sentry,The Sentry,Carnage,NA,New Avengers,2005,shown,TRUE,NA,NA
marvel,the-sentry,The Sentry,Morgan le Fay,NA,Dark Avengers,2009,shown,TRUE,NA,NA
marvel,magneto,Magneto,Zaladane,NA,The Uncanny X-Men,1991,shown,FALSE,NA,NA
marvel,magneto,Magneto,The Red Skull,NA,Uncanny Avengers,2014,shown,FALSE,NA,NA
marvel,magneto,Magneto,Sebastian Shaw,NA,X-Men: First Class,2011,shown,FALSE,NA,NA
marvel,deadpool,Deadpool,Every hero and villain in his continuity,NA,Deadpool Kills the Marvel Universe,2012,shown,FALSE,NA,NA
marvel,the-one-below-all,The One Below All,Franklin Richards,franklin-richards,The Immortal Hulk,2019,stated,FALSE,off-scale,https://citedfeats.com/vs/the-one-below-all-vs-franklin-richards/
marvel,the-one-below-all,The One Below All,Galactus,galactus,The Immortal Hulk,2019,stated,FALSE,off-scale,https://citedfeats.com/vs/the-one-below-all-vs-galactus/
marvel,the-one-below-all,The One Below All,Mister Immortal,NA,The Immortal Hulk,2019,shown,FALSE,NA,NA
marvel,the-one-below-all,The One Below All,Bruce Banner's soul,NA,The Immortal Hulk,2019,shown,FALSE,NA,NA
monster-hunter,vaal-hazak,Vaal Hazak,Girros and Raphinos standing in its effluvium,NA,Monster Hunter World — Iceborne,NA,shown,FALSE,NA,NA
naruto,isshiki-otsutsuki,Isshiki Otsutsuki,Kurama,NA,Boruto: Naruto Next Generations,2021,shown,FALSE,NA,NA
naruto,naruto-uzumaki,Naruto Uzumaki,Isshiki Otsutsuki,isshiki-otsutsuki,Boruto: Naruto Next Generations,2021,shown,FALSE,upset,https://citedfeats.com/vs/naruto-uzumaki-vs-isshiki-otsutsuki/
one-punch-man,saitama,Saitama,Lord Boros,boros,One Punch Man (manga),NA,shown,FALSE,confirms,https://citedfeats.com/vs/saitama-vs-boros/
one-punch-man,saitama,Saitama,Deep Sea King,deep-sea-king,One Punch Man,NA,shown,FALSE,confirms,https://citedfeats.com/vs/saitama-vs-deep-sea-king/
one-punch-man,saitama,Saitama,Carnage Kabuto,carnage-kabuto,One Punch Man,NA,shown,FALSE,confirms,https://citedfeats.com/vs/saitama-vs-carnage-kabuto/
one-punch-man,saitama,Saitama,Gouketsu,gouketsu,One Punch Man,NA,shown,FALSE,confirms,https://citedfeats.com/vs/saitama-vs-gouketsu/
one-punch-man,garou,Garou,Genos,genos,One Punch Man,NA,shown,TRUE,undone,https://citedfeats.com/vs/garou-vs-genos/
one-punch-man,tatsumaki,Tatsumaki,Monster King Orochi,orochi,One Punch Man,NA,shown,FALSE,confirms,https://citedfeats.com/vs/tatsumaki-vs-orochi/
one-punch-man,god,God,Homeless Emperor,NA,One Punch Man,NA,shown,FALSE,NA,NA
one-punch-man,god,God,Garou,garou,One Punch Man,NA,shown,TRUE,undone,https://citedfeats.com/vs/god-vs-garou/
overlord,ainz-ooal-gown,Ainz Ooal Gown,Shalltear Bloodfallen,shalltear-bloodfallen,Overlord: The Bloody Valkyrie,NA,shown,TRUE,NA,NA
overlord,ainz-ooal-gown,Ainz Ooal Gown,Clementine,clementine,Overlord: The Dark Warrior,NA,shown,FALSE,NA,NA
overlord,ainz-ooal-gown,Ainz Ooal Gown,Gazef Stronoff,gazef-stronoff,Overlord: The Caster of Destruction,NA,shown,FALSE,NA,NA
overlord,ainz-ooal-gown,Ainz Ooal Gown,Olasird'arc Haylilyal,olasirdarc-haylilyal,Overlord: The Dwarven Crafter,NA,shown,FALSE,NA,NA
overlord,ainz-ooal-gown,Ainz Ooal Gown,Climb,climb,Overlord: The Witch of the Doomed Kingdom,NA,shown,TRUE,NA,NA
overlord,shalltear-bloodfallen,Shalltear Bloodfallen,Kaire,NA,Overlord: The Ruler of Conspiracy,NA,stated,FALSE,NA,NA
overlord,shalltear-bloodfallen,Shalltear Bloodfallen,The Death Spreading Brigade,NA,Overlord: The Bloody Valkyrie,NA,shown,FALSE,NA,NA
overlord,mare-bello-fiore,Mare Bello Fiore,Igvarge,NA,Overlord: The Bloody Valkyrie,NA,shown,FALSE,NA,NA
overlord,cocytus,Cocytus,Brain Unglaus,brain-unglaus,Overlord: The Witch of the Doomed Kingdom,NA,shown,FALSE,NA,NA
overlord,cocytus,Cocytus,Zaryusu Shasha,zaryusu-shasha,Overlord: The Lizardman Heroes,NA,shown,TRUE,NA,NA
overlord,demiurge,Demiurge,Gagaran,NA,Overlord: The Men of the Kingdom Part II,NA,shown,TRUE,NA,NA
overlord,demiurge,Demiurge,Tia,NA,Overlord: The Men of the Kingdom Part II,NA,shown,TRUE,NA,NA
overlord,sebas-tian,Sebas Tian,Zero,zero,Overlord: The Men of the Kingdom Part II,NA,shown,FALSE,NA,NA
overlord,sebas-tian,Sebas Tian,Staffan Heivish,NA,Overlord: The Men of the Kingdom Part I,NA,shown,FALSE,NA,NA
overlord,aura-bella-fiora,Aura Bella Fiora,Vesture Kloff Di Laufen,NA,Overlord: The Witch of the Doomed Kingdom,NA,shown,FALSE,NA,NA
overlord,antilene-heran-fouche,Antilene Heran Fouche,Decem Hougan,decem-hougan,Overlord: The Half-Elf Demigod Part II,NA,shown,FALSE,NA,NA
overlord,decem-hougan,Decem Hougan,Schoen,NA,Overlord: The Half-Elf Demigod Part I,NA,shown,FALSE,NA,NA
overlord,narberal-gamma,Narberal Gamma,Khajiit Dale Badantel,khajiit-dale-badantel,Overlord: The Dark Warrior,NA,shown,FALSE,NA,NA
overlord,clementine,Clementine,The Swords of Darkness,NA,Overlord: The Dark Warrior,NA,shown,FALSE,NA,NA
overlord,hamsuke,Hamsuke,Erya Uzruth,NA,Overlord: The Invaders of the Great Tomb,NA,shown,FALSE,NA,NA
pokemon,mewtwo,Mewtwo,Dr. Fuji and the New Island research staff,NA,Pokémon: The First Movie,1998,shown,FALSE,NA,NA
pokemon,mewtwo,Mewtwo,Ash Ketchum,NA,Pokémon: The First Movie,1998,shown,TRUE,NA,NA
pokemon,yveltal,Yveltal,"every living thing, at the end of its life",NA,Pokémon Y,2013,stated,FALSE,NA,NA
solo-leveling,sung-jinwoo,Sung Jinwoo,The Ant King,beru,Solo Leveling,NA,shown,FALSE,confirms,https://citedfeats.com/vs/sung-jinwoo-vs-beru/
solo-leveling,sung-jinwoo,Sung Jinwoo,Kargalgan,tusk,Solo Leveling,NA,shown,FALSE,confirms,https://citedfeats.com/vs/sung-jinwoo-vs-tusk/
solo-leveling,sung-jinwoo,Sung Jinwoo,Hwang Dongsoo,greed,Solo Leveling,NA,shown,FALSE,confirms,https://citedfeats.com/vs/sung-jinwoo-vs-greed/
solo-leveling,sung-jinwoo,Sung Jinwoo,Legia,legia,Solo Leveling,NA,shown,TRUE,undone,https://citedfeats.com/vs/sung-jinwoo-vs-legia/
solo-leveling,sung-jinwoo,Sung Jinwoo,Querehsha,querehsha,Solo Leveling,NA,shown,TRUE,undone,https://citedfeats.com/vs/sung-jinwoo-vs-querehsha/
solo-leveling,sung-jinwoo,Sung Jinwoo,Rakan,rakan,Solo Leveling,NA,stated,TRUE,undone,https://citedfeats.com/vs/sung-jinwoo-vs-rakan/
solo-leveling,sung-jinwoo,Sung Jinwoo,Sillad,sillad,Solo Leveling,NA,stated,TRUE,undone,https://citedfeats.com/vs/sung-jinwoo-vs-sillad/
solo-leveling,sung-jinwoo,Sung Jinwoo,Baran,baran,Solo Leveling,NA,shown,FALSE,confirms,https://citedfeats.com/vs/sung-jinwoo-vs-baran/
solo-leveling,sung-jinwoo,Sung Jinwoo,Yogumunt,yogumunt,Solo Leveling,NA,shown,FALSE,confirms,https://citedfeats.com/vs/sung-jinwoo-vs-yogumunt/
solo-leveling,sung-jinwoo,Sung Jinwoo,Antares,antares,Solo Leveling,NA,shown,FALSE,confirms,https://citedfeats.com/vs/sung-jinwoo-vs-antares/
solo-leveling,sung-jinwoo,Sung Jinwoo,Kang Taeshik,kang-taeshik,Solo Leveling,NA,shown,FALSE,confirms,https://citedfeats.com/vs/sung-jinwoo-vs-kang-taeshik/
solo-leveling,sung-jinwoo,Sung Jinwoo,Hwang Dongsuk,hwang-dongsuk,Solo Leveling,NA,stated,FALSE,confirms,https://citedfeats.com/vs/sung-jinwoo-vs-hwang-dongsuk/
solo-leveling,antares,Antares,Jay Mills,NA,Solo Leveling,NA,shown,FALSE,NA,NA
solo-leveling,rakan,Rakan,Sung Jinwoo,sung-jinwoo,Solo Leveling,NA,shown,TRUE,undone,https://citedfeats.com/vs/rakan-vs-sung-jinwoo/
solo-leveling,rakan,Rakan,Christopher Reed,christopher-reed,Solo Leveling,NA,shown,FALSE,confirms,https://citedfeats.com/vs/rakan-vs-christopher-reed/
solo-leveling,rakan,Rakan,The people in the Seoul street,NA,Solo Leveling,NA,shown,FALSE,NA,NA
solo-leveling,sillad,Sillad,Go Gunhee,go-gunhee,Solo Leveling,NA,shown,FALSE,confirms,https://citedfeats.com/vs/sillad-vs-go-gunhee/
solo-leveling,querehsha,Querehsha,Christopher Reed,christopher-reed,Solo Leveling,NA,shown,FALSE,confirms,https://citedfeats.com/vs/querehsha-vs-christopher-reed/
solo-leveling,tarnak,Tarnak,Christopher Reed,christopher-reed,Solo Leveling,NA,shown,FALSE,confirms,https://citedfeats.com/vs/tarnak-vs-christopher-reed/
solo-leveling,thomas-andre,Thomas Andre,Christopher Reed,christopher-reed,Solo Leveling: Ragnarok,NA,stated,FALSE,confirms,https://citedfeats.com/vs/thomas-andre-vs-christopher-reed/
solo-leveling,thomas-andre,Thomas Andre,Tarnak,tarnak,Solo Leveling,NA,shown,TRUE,undone,https://citedfeats.com/vs/thomas-andre-vs-tarnak/
solo-leveling,bellion,Bellion,Tarnak,tarnak,Solo Leveling,NA,shown,TRUE,NA,NA
solo-leveling,beru,Beru,Five Japanese hunters on Jeju Island,NA,Solo Leveling,NA,shown,FALSE,NA,NA
solo-leveling,beru,Beru,Min Byung-Gyu,min-byung-gyu,Solo Leveling,NA,shown,FALSE,confirms,https://citedfeats.com/vs/beru-vs-min-byung-gyu/
solo-leveling,beru,Beru,Goto Ryuji,goto-ryuji,Solo Leveling,NA,shown,FALSE,confirms,https://citedfeats.com/vs/beru-vs-goto-ryuji/
solo-leveling,beru,Beru,Tarnak,tarnak,Solo Leveling,NA,shown,TRUE,NA,NA
solo-leveling,igris,Igris,Kim Chul,iron,Solo Leveling,NA,shown,FALSE,confirms,https://citedfeats.com/vs/igris-vs-iron/
solo-leveling,kamish,Kamish,Hundreds of S-Rank hunters on the American west coast,NA,Solo Leveling,NA,stated,FALSE,NA,NA
solo-leveling,tusk,Tusk,The ant hordes on Jeju Island,NA,Solo Leveling,NA,shown,FALSE,NA,NA
solo-leveling,iron,Iron,Baruka,baruka,Solo Leveling,NA,shown,FALSE,confirms,https://citedfeats.com/vs/iron-vs-baruka/
solo-leveling,liu-zhigang,Liu Zhigang,The giant crossing to the Chinese coast,NA,Solo Leveling,NA,shown,FALSE,NA,NA
solo-leveling,liu-zhigang,Liu Zhigang,A horde of ants over the Chinese east coast,NA,Solo Leveling,NA,shown,FALSE,NA,NA
solo-leveling,baruka,Baruka,Kim Chul's raid party,NA,Solo Leveling,NA,stated,FALSE,NA,NA
solo-leveling,cha-hae-in,Cha Hae-In,The Ant Queen,the-ant-queen,Solo Leveling,NA,shown,FALSE,confirms,https://citedfeats.com/vs/cha-hae-in-vs-the-ant-queen/
solo-leveling,kang-taeshik,Kang Taeshik,Two probational prisoners,NA,Solo Leveling,NA,shown,FALSE,NA,NA
solo-leveling,kang-taeshik,Kang Taeshik,Kang Jeongho,NA,Solo Leveling,NA,shown,FALSE,NA,NA
solo-leveling,kang-taeshik,Kang Taeshik,Kim Sangshik,NA,Solo Leveling,NA,shown,FALSE,NA,NA
solo-leveling,the-rulers,The Rulers,Antares,antares,Solo Leveling,NA,shown,TRUE,NA,NA
solo-leveling,ashborn,Ashborn,Baran,baran,Solo Leveling,NA,shown,FALSE,off-scale,https://citedfeats.com/vs/ashborn-vs-baran/
star-wars,vitiate,Vitiate,Every living thing on Nathema,NA,Revan,2011,stated,FALSE,NA,NA
star-wars,vitiate,Vitiate,The population of Ziost,NA,The Old Republic,2015,shown,FALSE,NA,NA
star-wars,vitiate,Vitiate,Darth Marr,NA,The Old Republic,2015,shown,FALSE,NA,NA
star-wars,darth-nihilus,Darth Nihilus,Everyone on Katarr,NA,Knights of the Old Republic II: The Sith Lords,2004,stated,FALSE,NA,NA
star-wars,luke-skywalker-legends,Luke Skywalker,Lumiya,NA,Legacy of the Force: Revelation,2008,shown,FALSE,NA,NA
star-wars,luke-skywalker-legends,Luke Skywalker,Abeloth's Fallanassi body,abeloth,Fate of the Jedi: Apocalypse,2012,shown,TRUE,undone,https://citedfeats.com/vs/luke-skywalker-legends-vs-abeloth/
star-wars,darth-sidious-legends,Darth Sidious,Whole fleets,NA,Dark Empire,1992,shown,FALSE,NA,NA
star-wars,anakin-skywalker,Anakin Skywalker,The Son of Mortis,NA,The Clone Wars,2011,shown,FALSE,NA,NA
star-wars,anakin-skywalker,Anakin Skywalker,A Tusken camp,NA,Attack of the Clones,2002,stated,FALSE,NA,NA
star-wars,anakin-skywalker,Anakin Skywalker,Count Dooku,NA,Revenge of the Sith,2005,shown,FALSE,NA,NA
star-wars,anakin-skywalker,Anakin Skywalker,The Jedi younglings,NA,Revenge of the Sith,2005,stated,FALSE,NA,NA
star-wars,anakin-skywalker,Anakin Skywalker,The Separatist Council,NA,Revenge of the Sith,2005,shown,FALSE,NA,NA
star-wars,darth-plagueis,Darth Plagueis,Darth Tenebrous,NA,Darth Plagueis,2012,shown,FALSE,NA,NA
star-wars,darth-plagueis,Darth Plagueis,Darth Venamis,NA,Darth Plagueis,2012,shown,FALSE,NA,NA
star-wars,darth-revan,Darth Revan,Mandalore the Ultimate,NA,Knights of the Old Republic,2003,stated,FALSE,NA,NA
star-wars,darth-revan,Darth Revan,Darth Malak,NA,Knights of the Old Republic,2003,shown,FALSE,NA,NA
star-wars,darth-revan,Darth Revan,Darth Nyriss,NA,Revan,2011,shown,FALSE,NA,NA
star-wars,exar-kun,Exar Kun,The Massassi of Yavin 4,NA,Tales of the Jedi: The Sith War,1996,shown,FALSE,NA,NA
star-wars,exar-kun,Exar Kun,Vodo-Siosk Baas,NA,Tales of the Jedi: The Sith War,1995,shown,FALSE,NA,NA
star-wars,exar-kun,Exar Kun,Gantoris,NA,Jedi Academy Trilogy: Dark Apprentice,1994,shown,FALSE,NA,NA
star-wars,galen-marek,Galen Marek,Shaak Ti,NA,The Force Unleashed,2008,shown,FALSE,NA,NA
star-wars,galen-marek,Galen Marek,Kazdan Paratus,NA,The Force Unleashed,2008,shown,FALSE,NA,NA
star-wars,darth-vader,Darth Vader,Obi-Wan Kenobi,NA,A New Hope,1977,shown,FALSE,NA,NA
star-wars,darth-vader,Darth Vader,Captain Antilles,NA,A New Hope,1977,shown,FALSE,NA,NA
star-wars,darth-vader,Darth Vader,Admiral Ozzel and Captain Needa,NA,The Empire Strikes Back,1980,shown,FALSE,NA,NA
star-wars,darth-vader,Darth Vader,The Emperor,NA,Return of the Jedi,1983,shown,TRUE,NA,NA
star-wars,kreia,Kreia,"Vrook Lamar, Kavar and Zez-Kai Ell",NA,Knights of the Old Republic II: The Sith Lords,2004,shown,FALSE,NA,NA
star-wars,darth-bane,Darth Bane,The Brotherhood of Darkness,NA,Darth Bane: Path of Destruction,2006,shown,FALSE,NA,NA
star-wars,jacen-solo,Jacen Solo,Nelani Dinn,NA,Legacy of the Force: Betrayal,2006,shown,FALSE,NA,NA
star-wars,jacen-solo,Jacen Solo,Onimi,NA,The New Jedi Order: The Unifying Force,2003,shown,FALSE,NA,NA
star-wars,jacen-solo,Jacen Solo,Mara Jade Skywalker,NA,Legacy of the Force: Sacrifice,2007,shown,FALSE,NA,NA
star-wars,mace-windu,Mace Windu,Jango Fett,NA,Attack of the Clones,2002,shown,FALSE,NA,NA
star-wars,the-ones,The Ones,The Daughter,NA,The Clone Wars,2011,shown,FALSE,NA,NA
star-wars,the-ones,The Ones,Ahsoka Tano,NA,The Clone Wars,2011,shown,TRUE,NA,NA
star-wars,abeloth,Abeloth,Dyon Stadd,NA,Fate of the Jedi: Ascension,2011,shown,FALSE,NA,NA
star-wars,the-bendu,The Bendu,Imperial death troopers,NA,Star Wars Rebels,2017,shown,FALSE,NA,NA
star-wars,the-bendu,The Bendu,Rebel starfighters on the ground,NA,Star Wars Rebels,2017,shown,FALSE,NA,NA
star-wars,waru,Waru,Hethrir,NA,The Crystal Star,1994,shown,FALSE,NA,NA
warhammer-40k,the-emperor,The Emperor of Mankind,Horus,horus-ascendant,The End and the Death: Volume III,2024,shown,FALSE,confirms,https://citedfeats.com/vs/the-emperor-vs-horus-ascendant/
warhammer-40k,horus-ascendant,Horus Ascendant,Sanguinius,sanguinius,The End and the Death,2023,shown,FALSE,confirms,https://citedfeats.com/vs/horus-ascendant-vs-sanguinius/
warhammer-40k,fulgrim,Fulgrim,Ferrus Manus,NA,Fulgrim,2007,shown,FALSE,NA,NA
warhammer-40k,slaanesh,Slaanesh,most of the Aeldari species,NA,Codex: Craftworlds,NA,stated,FALSE,NA,NA
westeros,the-night-king,The Night King,The Three-Eyed Raven,NA,Game of Thrones,NA,shown,FALSE,NA,NA
westeros,the-night-king,The Night King,Viserion,NA,Game of Thrones,NA,shown,FALSE,NA,NA
westeros,the-night-king,The Night King,Theon Greyjoy,NA,Game of Thrones,NA,shown,FALSE,NA,NA
westeros,gregor-clegane,Gregor Clegane,Oberyn Martell,oberyn-martell,A Storm of Swords,NA,shown,FALSE,confirms,https://citedfeats.com/vs/gregor-clegane-vs-oberyn-martell/
westeros,gregor-clegane,Gregor Clegane,Beric Dondarrion,beric-dondarrion,A Storm of Swords,NA,stated,TRUE,undone,https://citedfeats.com/vs/gregor-clegane-vs-beric-dondarrion/
westeros,gregor-clegane,Gregor Clegane,Ser Hugh of the Vale,NA,A Game of Thrones,NA,shown,FALSE,NA,NA
westeros,gregor-clegane,Gregor Clegane,Elia Martell,NA,A Storm of Swords,NA,stated,FALSE,NA,NA
westeros,gregor-clegane,Gregor Clegane,Aegon Targaryen,NA,A Storm of Swords,NA,stated,FALSE,NA,NA
westeros,daemon-targaryen,Daemon Targaryen,Aemond Targaryen,aemond-targaryen,Fire & Blood,NA,stated,FALSE,confirms,https://citedfeats.com/vs/daemon-targaryen-vs-aemond-targaryen/
westeros,daemon-targaryen,Daemon Targaryen,Craghas Drahar,NA,Fire & Blood,NA,stated,FALSE,NA,NA
westeros,daemon-targaryen,Daemon Targaryen,Vaemond Velaryon,NA,House of the Dragon,NA,shown,FALSE,NA,NA
westeros,jaime-lannister,Jaime Lannister,Aerys II Targaryen,NA,A Storm of Swords,NA,stated,FALSE,NA,NA
westeros,jaime-lannister,Jaime Lannister,Olenna Tyrell,olenna-tyrell,Game of Thrones,NA,shown,FALSE,off-scale,https://citedfeats.com/vs/jaime-lannister-vs-olenna-tyrell/
westeros,jaime-lannister,Jaime Lannister,Daryn Hornwood,NA,A Game of Thrones,NA,stated,FALSE,NA,NA
westeros,jaime-lannister,Jaime Lannister,Jory Cassel,NA,Game of Thrones,NA,shown,FALSE,NA,NA
westeros,barristan-selmy,Barristan Selmy,Maelys the Monstrous,NA,A Storm of Swords,NA,stated,FALSE,NA,NA
westeros,barristan-selmy,Barristan Selmy,Simon Toyne,NA,A Storm of Swords,NA,stated,FALSE,NA,NA
westeros,barristan-selmy,Barristan Selmy,Khrazz,NA,A Dance with Dragons,NA,shown,FALSE,NA,NA
westeros,arthur-dayne,Arthur Dayne,The Smiling Knight,NA,A Storm of Swords,NA,stated,FALSE,NA,NA
westeros,the-wight-host,The Wight Host,Will,NA,A Game of Thrones,NA,shown,FALSE,NA,NA
westeros,the-wight-host,The Wight Host,Jaremy Rykker,NA,A Game of Thrones,NA,stated,FALSE,NA,NA
westeros,the-wight-host,The Wight Host,Summer,NA,Game of Thrones,NA,shown,FALSE,NA,NA
westeros,the-wight-host,The Wight Host,Lyanna Mormont,NA,Game of Thrones,NA,shown,FALSE,NA,NA
westeros,the-wight-host,The Wight Host,Jorah Mormont,NA,Game of Thrones,NA,shown,FALSE,NA,NA
westeros,sandor-clegane,Sandor Clegane,Gregor Clegane,gregor-clegane,Game of Thrones,NA,shown,FALSE,upset,https://citedfeats.com/vs/sandor-clegane-vs-gregor-clegane/
westeros,sandor-clegane,Sandor Clegane,Beric Dondarrion,beric-dondarrion,A Storm of Swords,NA,shown,TRUE,undone,https://citedfeats.com/vs/sandor-clegane-vs-beric-dondarrion/
westeros,sandor-clegane,Sandor Clegane,Mycah,NA,A Game of Thrones,NA,stated,FALSE,NA,NA
westeros,sandor-clegane,Sandor Clegane,Cayn,NA,A Game of Thrones,NA,shown,FALSE,NA,NA
westeros,oberyn-martell,Oberyn Martell,Gregor Clegane,gregor-clegane,A Feast for Crows,NA,stated,FALSE,upset,https://citedfeats.com/vs/oberyn-martell-vs-gregor-clegane/
westeros,oberyn-martell,Oberyn Martell,Edgar Yronwood,NA,A Storm of Swords,NA,stated,FALSE,NA,NA
westeros,brienne-of-tarth,Brienne of Tarth,Rorge,NA,A Feast for Crows,NA,shown,FALSE,NA,NA
westeros,brienne-of-tarth,Brienne of Tarth,Shagwell,NA,A Feast for Crows,NA,shown,FALSE,NA,NA
westeros,criston-cole,Criston Cole,Joffrey Lonmouth,NA,Fire & Blood,NA,stated,FALSE,NA,NA
westeros,criston-cole,Criston Cole,Lyman Beesbury,NA,House of the Dragon,NA,shown,FALSE,NA,NA
westeros,khal-drogo,Khal Drogo,Viserys Targaryen,NA,A Game of Thrones,NA,shown,FALSE,NA,NA
westeros,khal-drogo,Khal Drogo,Mago,NA,Game of Thrones,NA,shown,FALSE,NA,NA
westeros,khal-drogo,Khal Drogo,Khal Ogo,NA,A Game of Thrones,NA,stated,FALSE,NA,NA
westeros,jon-snow,Jon Snow,Qhorin Halfhand,NA,A Clash of Kings,NA,shown,FALSE,NA,NA
westeros,jon-snow,Jon Snow,Janos Slynt,NA,A Dance with Dragons,NA,shown,FALSE,NA,NA
westeros,jon-snow,Jon Snow,Daenerys Targaryen,NA,Game of Thrones,NA,shown,FALSE,NA,NA
westeros,aemond-targaryen,Aemond Targaryen,Lucerys Velaryon,NA,Fire & Blood,NA,stated,FALSE,NA,NA
westeros,aemond-targaryen,Aemond Targaryen,Rhaenys Targaryen,NA,Fire & Blood,NA,stated,FALSE,NA,NA
westeros,robert-baratheon,Robert Baratheon,Rhaegar Targaryen,rhaegar-targaryen,A Game of Thrones,NA,stated,FALSE,confirms,https://citedfeats.com/vs/robert-baratheon-vs-rhaegar-targaryen/
westeros,robert-baratheon,Robert Baratheon,Lord Fell,NA,A Storm of Swords,NA,stated,FALSE,NA,NA
westeros,robert-baratheon,Robert Baratheon,Marq Grafton,NA,A Dance with Dragons,NA,stated,FALSE,NA,NA
westeros,robert-baratheon,Robert Baratheon,Myles Mooton,NA,A Storm of Swords,NA,stated,FALSE,NA,NA
westeros,arya-stark,Arya Stark,The Night King,the-night-king,Game of Thrones,NA,shown,FALSE,upset,https://citedfeats.com/vs/arya-stark-vs-the-night-king/
westeros,arya-stark,Arya Stark,The Tickler,NA,A Storm of Swords,NA,shown,FALSE,NA,NA
westeros,arya-stark,Arya Stark,Polliver,NA,Game of Thrones,NA,shown,FALSE,NA,NA
westeros,arya-stark,Arya Stark,Dareon,NA,A Feast for Crows,NA,stated,FALSE,NA,NA
westeros,arya-stark,Arya Stark,Walder Frey,NA,Game of Thrones,NA,shown,FALSE,NA,NA
westeros,loras-tyrell,Loras Tyrell,Robar Royce,NA,A Clash of Kings,NA,stated,FALSE,NA,NA
westeros,loras-tyrell,Loras Tyrell,Emmon Cuy,NA,A Clash of Kings,NA,stated,FALSE,NA,NA
westeros,bronn,Bronn,Vardis Egen,NA,A Game of Thrones,NA,shown,FALSE,NA,NA
westeros,bronn,Bronn,Balman Byrch,NA,A Feast for Crows,NA,stated,FALSE,NA,NA
westeros,jorah-mormont,Jorah Mormont,Qotho,NA,A Game of Thrones,NA,shown,FALSE,NA,NA
westeros,areo-hotah,Areo Hotah,Arys Oakheart,NA,A Feast for Crows,NA,shown,FALSE,NA,NA
westeros,syrio-forel,Syrio Forel,"Five Lannister guardsmen, dead or dying",NA,A Game of Thrones,NA,shown,FALSE,NA,NA
westeros,grey-worm,Grey Worm,Harry Strickland,NA,Game of Thrones,NA,shown,FALSE,NA,NA
westeros,petyr-baelish,Petyr Baelish,Lysa Arryn,NA,A Storm of Swords,NA,shown,FALSE,NA,NA
westeros,petyr-baelish,Petyr Baelish,Jon Arryn,NA,A Storm of Swords,NA,stated,FALSE,NA,NA
westeros,petyr-baelish,Petyr Baelish,Joffrey Baratheon,NA,A Storm of Swords,NA,stated,FALSE,NA,NA
westeros,cersei-lannister,Cersei Lannister,Robert Baratheon,robert-baratheon,A Clash of Kings,NA,stated,FALSE,off-scale,https://citedfeats.com/vs/cersei-lannister-vs-robert-baratheon/
westeros,cersei-lannister,Cersei Lannister,Loras Tyrell,loras-tyrell,Game of Thrones,NA,shown,FALSE,off-scale,https://citedfeats.com/vs/cersei-lannister-vs-loras-tyrell/
westeros,varys,Varys,Pycelle,NA,A Dance with Dragons,NA,stated,FALSE,NA,NA
westeros,varys,Varys,Kevan Lannister,NA,A Dance with Dragons,NA,shown,FALSE,NA,NA
westeros,tywin-lannister,Tywin Lannister,House Reyne of Castamere,NA,The World of Ice & Fire,NA,stated,FALSE,NA,NA
