3,"t","Honey Bee Colonies: Released May 12, 2016, by the National Agricultural Statistics Service (NASS), Agricultural Statistics Board, United States Department of Agriculture (USDA)."
3,"t","Colonies Lost with Colony Collapse Disorder Symptoms with Five or More Colonies � United States: Quarterly January-December 2015 and January-March 2016"
3,"t","[Loss reported that met all of the following criteria: 1) Little to no build-up of dead bees in the hive or at the hive entrance 2) Rapid loss of adult honey bee population despite the presence of queen, capped brood, and food reserves 3) Absence or delayed robbing of the food reserves 4) Loss not attributable to varroa or nosema loads]"
3,"h","","","","","",""
3,"h","Item","January-","April-","July-","October-","January-"
3,"h","","March","June","September","December","March 1/"
3,"h","","","","","",""
3,"u","","(number)","(number)","(number)","(number)","(number)"
3,"d","Colonies lost",92250,56760,88390,87610,113930
3,"c",""
3,"f","1/ 2016."
