18,"t","Honey Bee Colonies: Released August 1, 2018, by the National Agricultural Statistics Service (NASS), Agricultural Statistics Board, United States Department of Agriculture (USDA)."
18,"t","Colonies Lost with Colony Collapse Disorder Symptoms with Less than Five Colonies � United States: Annual 2016 and 2017"
18,"t","[Loss reported that met all of the following criteria: 1) Little to no build-up of dead bees in the hive or at the hive entrance 2) Rapid loss of adult honey bee population despite the presence of queen, capped brood, and food reserves 3) Absence or delayed robbing of the food reserves 4) Loss not attributable to varroa or nosema loads]"
18,"h","","",""
18,"h","Item","2016","2017"
18,"h","","",""
18,"u","","(number)","(number)"
18,"d","Colonies lost",5500,6000
18,"c",""
